,monthly__equal,monthly__freefloat_proxy,monthly__minvar,monthly__riskparity,quarterly__equal,quarterly__freefloat_proxy,quarterly__minvar,quarterly__riskparity
2015-01-01,1.0,1.0,1.0,1.0,1.0,1.0,1.0,1.0
2015-01-02,1.00779559539146,1.0074612607946924,1.00779559539146,1.00779559539146,1.00779559539146,1.0074612607946924,1.00779559539146,1.00779559539146
2015-01-05,1.006783191075942,1.0019248952414315,1.006783191075942,1.006783191075942,1.006783191075942,1.0019248952414315,1.006783191075942,1.006783191075942
2015-01-06,0.9824749441565221,0.9733672401188278,0.9824749441565221,0.9824749441565221,0.9824749441565221,0.9733672401188278,0.9824749441565221,0.9824749441565221
2015-01-07,0.9836728397243756,0.9782842232404254,0.9836728397243756,0.9836728397243756,0.9836728397243756,0.9782842232404254,0.9836728397243756,0.9836728397243756
2015-01-08,0.9993309571107962,0.9876346485039785,0.9993309571107962,0.9993309571107962,0.9993309571107962,0.9876346485039785,0.9993309571107962,0.9993309571107962
2015-01-09,1.0036316039978619,1.0008922416354702,1.0036316039978619,1.0036316039978619,1.0036316039978619,1.0008922416354702,1.0036316039978619,1.0036316039978619
2015-01-12,1.0044828589709105,1.001298981782873,1.0044828589709105,1.0044828589709105,1.0044828589709105,1.001298981782873,1.0044828589709105,1.0044828589709105
2015-01-13,1.0063595926528695,0.9981173111854104,1.0063595926528695,1.0063595926528695,1.0063595926528695,0.9981173111854104,1.0063595926528695,1.0063595926528695
2015-01-14,1.0062999026166972,0.9988689575230956,1.0062999026166972,1.0062999026166972,1.0062999026166972,0.9988689575230956,1.0062999026166972,1.0062999026166972
2015-01-15,1.0226566723319657,1.020131800345072,1.0226566723319657,1.0226566723319657,1.0226566723319657,1.020131800345072,1.0226566723319657,1.0226566723319657
2015-01-16,1.0285315541345825,1.0244526446374331,1.0285315541345825,1.0285315541345825,1.0285315541345825,1.0244526446374331,1.0285315541345825,1.0285315541345825
2015-01-19,1.0317985329739974,1.0267526391875395,1.0317985329739974,1.0317985329739974,1.0317985329739974,1.0267526391875395,1.0317985329739974,1.0317985329739974
2015-01-20,1.0416299672409313,1.0404302106184387,1.0416299672409313,1.0416299672409313,1.0416299672409313,1.0404302106184387,1.0416299672409313,1.0416299672409313
2015-01-21,1.044614239058528,1.0469162802653533,1.044614239058528,1.044614239058528,1.044614239058528,1.0469162802653533,1.044614239058528,1.044614239058528
2015-01-22,1.0478871997265646,1.0436050487860897,1.0478871997265646,1.0478871997265646,1.0478871997265646,1.0436050487860897,1.0478871997265646,1.0478871997265646
2015-01-23,1.059537458302214,1.0520591131971035,1.059537458302214,1.059537458302214,1.059537458302214,1.0520591131971035,1.059537458302214,1.059537458302214
2015-01-27,1.0671830762953938,1.0584882717625108,1.0671830762953938,1.0671830762953938,1.0671830762953938,1.0584882717625108,1.0671830762953938,1.0671830762953938
2015-01-28,1.072808087214001,1.0649602422312694,1.072808087214001,1.072808087214001,1.072808087214001,1.0649602422312694,1.072808087214001,1.072808087214001
2015-01-29,1.0760198210675787,1.0738425341085815,1.0760198210675787,1.0760198210675787,1.0760198210675787,1.0738425341085815,1.0760198210675787,1.0760198210675787
2015-01-30,1.066502875608269,1.0588093142395216,1.066502875608269,1.066502875608269,1.066502875608269,1.0588093142395216,1.066502875608269,1.066502875608269
2015-02-02,1.0698159691170652,1.057843619951465,1.0698159691170652,1.0698159691170652,1.0698159691170652,1.057843619951465,1.0698159691170652,1.0698159691170652
2015-02-03,1.0641377997403463,1.0628870731292568,1.0641377997403463,1.0641377997403463,1.0641377997403463,1.0628870731292568,1.0641377997403463,1.0641377997403463
2015-02-04,1.0613239396056966,1.0558426631235824,1.0613239396056966,1.0613239396056966,1.0613239396056966,1.0558426631235824,1.0613239396056966,1.0613239396056966
2015-02-05,1.0552156750182482,1.0556986415768452,1.0552156750182482,1.0552156750182482,1.0552156750182482,1.0556986415768452,1.0552156750182482,1.0552156750182482
2015-02-06,1.0451701378416465,1.0480119614518728,1.0451701378416465,1.0451701378416465,1.0451701378416465,1.0480119614518728,1.0451701378416465,1.0451701378416465
2015-02-09,1.0302877332302385,1.0323537058057497,1.0302877332302385,1.0302877332302385,1.0302877332302385,1.0323537058057497,1.0302877332302385,1.0302877332302385
2015-02-10,1.0373456934785927,1.030559464104292,1.0373456934785927,1.0373456934785927,1.0373456934785927,1.030559464104292,1.0373456934785927,1.0373456934785927
2015-02-11,1.0509646605286564,1.043182440095462,1.0509646605286564,1.0509646605286564,1.0509646605286564,1.043182440095462,1.0509646605286564,1.0509646605286564
2015-02-12,1.0619518174902773,1.0509561446178608,1.0619518174902773,1.0619518174902773,1.0619518174902773,1.0509561446178608,1.0619518174902773,1.0619518174902773
2015-02-13,1.0725664379904414,1.0634679161136307,1.0725664379904414,1.0725664379904414,1.0725664379904414,1.0634679161136307,1.0725664379904414,1.0725664379904414
2015-02-16,1.070415245303573,1.0613028531020354,1.070415245303573,1.070415245303573,1.070415245303573,1.0613028531020354,1.070415245303573,1.070415245303573
2015-02-18,1.0743504250271119,1.0663714716306134,1.0743504250271119,1.0743504250271119,1.0743504250271119,1.0663714716306134,1.0743504250271119,1.0743504250271119
2015-02-19,1.0783813399821576,1.0704591099002037,1.0783813399821576,1.0783813399821576,1.0783813399821576,1.0704591099002037,1.0783813399821576,1.0783813399821576
2015-02-20,1.0730205302784992,1.0568113289682337,1.0730205302784992,1.0730205302784992,1.0730205302784992,1.0568113289682337,1.0730205302784992,1.0730205302784992
2015-02-23,1.0626420082217247,1.0454091418572442,1.0626420082217247,1.0626420082217247,1.0626420082217247,1.0454091418572442,1.0626420082217247,1.0626420082217247
2015-02-24,1.0657008633404563,1.0457297353667272,1.0657008633404563,1.0657008633404563,1.0657008633404563,1.0457297353667272,1.0657008633404563,1.0657008633404563
2015-02-25,1.0616644712595162,1.043284915044698,1.0616644712595162,1.0616644712595162,1.0616644712595162,1.043284915044698,1.0616644712595162,1.0616644712595162
2015-02-26,1.0509412173713455,1.034278465160043,1.0509412173713455,1.0509412173713455,1.0509412173713455,1.034278465160043,1.0509412173713455,1.0509412173713455
2015-02-27,1.0718281262321092,1.0508010046200995,1.0718281262321092,1.0718281262321092,1.0718281262321092,1.0508010046200995,1.0718281262321092,1.0718281262321092
2015-02-28,1.0718281262321092,1.0508010046200995,1.0718281262321092,1.0718281262321092,1.0718281262321092,1.0508010046200995,1.0718281262321092,1.0718281262321092
2015-03-02,1.0905975412321383,1.066757740483939,1.0905975412321383,1.0905975412321383,1.0905975412321383,1.066757740483939,1.0905975412321383,1.0905975412321383
2015-03-03,1.0971069016170998,1.0829705391723383,1.0971069016170998,1.0971069016170998,1.0971069016170998,1.0829705391723383,1.0971069016170998,1.0971069016170998
2015-03-04,1.0878246532510918,1.0721734904207454,1.0878246532510918,1.0878246532510918,1.0878246532510918,1.0721734904207454,1.0878246532510918,1.0878246532510918
2015-03-05,1.0895211875599082,1.07154815635034,1.0895211875599082,1.0895211875599082,1.0895211875599082,1.07154815635034,1.0895211875599082,1.0895211875599082
2015-03-09,1.0704907243006532,1.0525611171808396,1.0704907243006532,1.0704907243006532,1.0704907243006532,1.0525611171808396,1.0704907243006532,1.0704907243006532
2015-03-10,1.066861759469561,1.047780489584907,1.066861759469561,1.066861759469561,1.066861759469561,1.047780489584907,1.066861759469561,1.066861759469561
2015-03-11,1.063838701134717,1.0458069970671688,1.063838701134717,1.063838701134717,1.063838701134717,1.0458069970671688,1.063838701134717,1.063838701134717
2015-03-12,1.0720269431841893,1.0535119193398859,1.0720269431841893,1.0720269431841893,1.0720269431841893,1.0535119193398859,1.0720269431841893,1.0720269431841893
2015-03-13,1.0558356133602171,1.03824767129749,1.0558356133602171,1.0558356133602171,1.0558356133602171,1.03824767129749,1.0558356133602171,1.0558356133602171
2015-03-16,1.0530076344710944,1.0345638309665601,1.0530076344710944,1.0530076344710944,1.0530076344710944,1.0345638309665601,1.0530076344710944,1.0530076344710944
2015-03-17,1.0656754049955108,1.0448701764947432,1.0656754049955108,1.0656754049955108,1.0656754049955108,1.0448701764947432,1.0656754049955108,1.0656754049955108
2015-03-18,1.0617985046983087,1.0446715144623075,1.0617985046983087,1.0617985046983087,1.0617985046983087,1.0446715144623075,1.0617985046983087,1.0617985046983087
2015-03-19,1.0568119949469634,1.038748878257949,1.0568119949469634,1.0568119949469634,1.0568119949469634,1.038748878257949,1.0568119949469634,1.0568119949469634
2015-03-20,1.0436440686303412,1.0318095100841318,1.0436440686303412,1.0436440686303412,1.0436440686303412,1.0318095100841318,1.0436440686303412,1.0436440686303412
2015-03-23,1.0396157599907065,1.0258834913861694,1.0396157599907065,1.0396157599907065,1.0396157599907065,1.0258834913861694,1.0396157599907065,1.0396157599907065
2015-03-24,1.0390451496793338,1.0244621919781947,1.0390451496793338,1.0390451496793338,1.0390451496793338,1.0244621919781947,1.0390451496793338,1.0390451496793338
2015-03-25,1.0407899391334314,1.023354296397433,1.0407899391334314,1.0407899391334314,1.0407899391334314,1.023354296397433,1.0407899391334314,1.0407899391334314
2015-03-26,1.0263707271312794,1.0039298212295766,1.0263707271312794,1.0263707271312794,1.0263707271312794,1.0039298212295766,1.0263707271312794,1.0263707271312794
2015-03-27,1.0240068110294755,0.9992939513667349,1.0240068110294755,1.0240068110294755,1.0240068110294755,0.9992939513667349,1.0240068110294755,1.0240068110294755
2015-03-30,1.0398602180609753,1.0128509590993267,1.0398602180609753,1.0398602180609753,1.0398602180609753,1.0128509590993267,1.0398602180609753,1.0398602180609753
2015-03-31,1.0407163553802061,1.016020725425617,1.0407163553802061,1.0407163553802061,1.0407163553802061,1.016020725425617,1.0407163553802061,1.0407163553802061
2015-04-01,1.049800077744175,1.0242489249554025,1.049800077744175,1.049800077744175,1.049800077744175,1.0242489249554025,1.049800077744175,1.049800077744175
2015-04-06,1.0622176791373437,1.0278837755026184,1.0622176791373437,1.0622176791373437,1.0622176791373437,1.0278837755026184,1.0663605301247696,1.0619993428016086
2015-04-07,1.0698435367982504,1.033484196538011,1.0854407097090155,1.069702001260992,1.0698435367982504,1.033484196538011,1.0960027454844046,1.0694568407825513
2015-04-08,1.0780297762842972,1.0502414485013376,1.082239682014176,1.0776068903678169,1.0780297762842972,1.0502414485013376,1.0996227478149838,1.0772866413382902
2015-04-09,1.0827924618348923,1.0647235440673002,1.100990761875236,1.0831133951656124,1.0827924618348923,1.0647235440673002,1.1116211640293527,1.0826619380574753
2015-04-10,1.0852526956842077,1.0675812669445583,1.0820896768783068,1.085545634112827,1.0852526956842077,1.0675812669445583,1.093737020237257,1.0850767483065857
2015-04-13,1.0921620736808764,1.0769316953802002,1.083811335776674,1.091807204542052,1.0921620736808764,1.0769316953802002,1.0903612468244956,1.0913832052223618
2015-04-15,1.0795024373761184,1.0685440414810004,1.0854206752662634,1.0797902077300179,1.0795024373761184,1.0685440414810004,1.0949459201862366,1.0793396881201711
2015-04-16,1.0746273648087414,1.0649536255443326,1.08869091672037,1.0745141376925473,1.0746273648087414,1.0649536255443326,1.1048876055957961,1.0740467718508204
2015-04-17,1.0610465427718148,1.0520921699463943,1.0673601194394187,1.0611900256236262,1.0610465427718148,1.0520921699463943,1.0965122786826806,1.0607174558616395
2015-04-20,1.040377116817226,1.0277264307103822,1.0636070175877705,1.0403106354238376,1.040377116817226,1.0277264307103822,1.0923453148802538,1.0398619504522977
2015-04-21,1.0286204100818113,1.0178928561681377,1.0509477785755776,1.0286228585477792,1.0286204100818113,1.0178928561681377,1.0773354323432818,1.027983343499157
2015-04-22,1.0331176161737383,1.0230275807513534,1.0332988057941275,1.0323954133139572,1.0331176161737383,1.0230275807513534,1.062787113630279,1.0317834831905834
2015-04-23,1.0360384616050657,1.022303911811316,1.060129431099974,1.0350477128500408,1.0360384616050657,1.022303911811316,1.0845162058526359,1.0343389674623764
2015-04-24,1.0244509280595855,1.0152061598409,1.0657745360018054,1.0237265130047513,1.0244509280595855,1.0152061598409,1.0962241908799877,1.0230728600493093
2015-04-27,1.008920365994063,1.0052327009878945,1.086133223797713,1.0095909347133794,1.008920365994063,1.0052327009878945,1.118020035544774,1.0089262921969486
2015-04-28,1.0181989628754256,1.0080850154857124,1.1241350387051412,1.0184838614101315,1.0181989628754256,1.0080850154857124,1.15424759122774,1.0177385980675686
2015-04-29,1.0177605536259757,1.0017418874894843,1.1194157042857455,1.0172171781607595,1.0177605536259757,1.0017418874894843,1.150264554823216,1.016465918495329
2015-04-30,1.0142305942752445,1.000929855628134,1.1100210427358619,1.0129714966900094,1.0142305942752445,1.000929855628134,1.1388554539681044,1.0121716524933158
2015-05-04,1.03829202844128,1.0222396646382026,1.1205273130206623,1.036880663003833,1.03829202844128,1.0222396646382026,1.15720163750607,1.036170658003695
2015-05-05,1.0416287768642234,1.024652715080893,1.1551320499664992,1.0399354864060932,1.0416287768642234,1.024652715080893,1.1922306661648294,1.0392181856121459
2015-05-06,1.0144216125165584,1.0017008725005887,1.1304272087347127,1.0131739267377289,1.0144216125165584,1.0017008725005887,1.1710800776573707,1.0125337644620411
2015-05-07,1.0070141005858284,0.9980193882310225,1.1182811043073262,1.0068868468796774,1.0070141005858284,0.9980193882310225,1.1710476117414457,1.0063246769079606
2015-05-08,1.0221570664481454,1.0164952291482343,1.0811256817474175,1.0206559178344334,1.0221570664481454,1.0164952291482343,1.1627429702769163,1.019884907044961
2015-05-11,1.040052243680034,1.0281764413386283,1.0965009664638319,1.0379702528532606,1.040052243680034,1.0281764413386283,1.1596746068921266,1.037493153113583
2015-05-12,1.0210497838123203,1.0051890083161572,1.0785570546616379,1.0198399351901943,1.0210497838123203,1.0051890083161572,1.1219393723618507,1.0196525131917267
2015-05-13,1.0329602599035523,1.0170263758995441,1.0797295516904253,1.0310075056674282,1.0329602599035523,1.0170263758995441,1.1143428247226057,1.030677080933501
2015-05-14,1.0385961548154687,1.0163980333066829,1.0757461645711721,1.0364568404172563,1.0385961548154687,1.0163980333066829,1.1226356737892649,1.03610295255108
2015-05-15,1.0429715401458093,1.0190151956730036,1.086746173680013,1.0410235269308907,1.0429715401458093,1.0190151956730036,1.146829418987125,1.0407502010434873
2015-05-18,1.0553933020639612,1.0326475845118495,1.0981888706899348,1.0526721260338507,1.0553933020639612,1.0326475845118495,1.1546386436110547,1.0524652210544365
2015-05-19,1.0565725709147882,1.0341758245184607,1.095957964436179,1.0540070355122468,1.0565725709147882,1.0341758245184607,1.1526224366692328,1.0538205362658741
2015-05-20,1.0606154935077454,1.0443521578765675,1.0924633507167396,1.058147026488871,1.0606154935077454,1.0443521578765675,1.1375405512185583,1.057567795353319
2015-05-21,1.0647844987410506,1.042449711201422,1.1095459843843127,1.0627673160016822,1.0647844987410506,1.042449711201422,1.1578617815414287,1.0624621946044852
2015-05-22,1.0683221036594275,1.0470967342443949,1.1228566984574881,1.0662553995460857,1.0683221036594275,1.0470967342443949,1.1852493260711572,1.0667292348065691
2015-05-25,1.0622061569204149,1.0391239703194612,1.1431847371585488,1.0602427663576948,1.0622061569204149,1.0391239703194612,1.1949926604951464,1.0610072819067131
2015-05-26,1.0606428753817836,1.0358270689010398,1.142004351284214,1.0589310281565754,1.0606428753817836,1.0358270689010398,1.2023461724163926,1.05978112183003
2015-05-27,1.0582320073630305,1.0374308782645287,1.1517628751836766,1.0566984502159675,1.0582320073630305,1.0374308782645287,1.193020069602514,1.0571902795764132
2015-05-28,1.0521469826373115,1.0328792566241767,1.1776383034469873,1.0515661245497945,1.0521469826373115,1.0328792566241767,1.194642186864363,1.0520273709190822
2015-05-29,1.0624946889896931,1.041676064436724,1.1842800811857341,1.0614967118846517,1.0624946889896931,1.041676064436724,1.1744487374958492,1.0619631850368931
2015-06-01,1.0591016708667595,1.0476330859817848,1.193202843099252,1.059634754611414,1.0591016708667595,1.0476330859817848,1.1544464695374548,1.060027191567167
2015-06-02,1.0367160755296438,1.0291992988956475,1.1865468217240027,1.0378856581833118,1.0367160755296438,1.0291992988956475,1.1692190240830447,1.038284202708259
2015-06-03,1.0147137348641937,1.017899784172761,1.2094300062791865,1.0179701089029427,1.0147137348641937,1.017899784172761,1.0800500121712517,1.0190857408730087
2015-06-04,1.0171703352577195,1.0224821283904948,1.2048356021194913,1.0199176157226815,1.0171703352577195,1.0224821283904948,1.0909475962471344,1.0210033583383251
2015-06-05,1.0176014758384242,1.0204737383204703,1.2237387574202254,1.0205762815625152,1.0176014758384242,1.0204737383204703,1.1087390637249968,1.0220291764201592
2015-06-08,1.0031724560218596,1.0073211778572875,1.2158664608538103,1.0089769013607555,1.0031724560218596,1.0073211778572875,1.0662720873630775,1.0081948496315298
2015-06-09,1.0018699020347202,1.0061255220166914,1.2421134193516137,1.0080303159598183,1.0018699020347202,1.0061255220166914,1.0893599452055807,1.0067443800438423
2015-06-10,1.0129962891749995,1.0213699246674253,1.2310363035946628,1.0190365669823838,1.0129962891749995,1.0213699246674253,1.1058034140405946,1.0182696276946237
2015-06-11,0.9963955676114946,1.0015990879635814,1.2524064616904176,1.0023031744799773,0.9963955676114946,1.0015990879635814,1.1290432099089642,1.0022022715605055
2015-06-12,0.9940218310109379,1.0021032825746226,1.2369744972896637,1.0001456982378485,0.9940218310109379,1.0021032825746226,1.1379612775062036,1.0001787544197611
2015-06-15,0.9962558973341787,1.0066483361518634,1.232139054569457,1.0008142661838293,0.9962558973341787,1.0066483361518634,1.1450472143665793,1.0020860415370432
2015-06-16,1.000228184739994,1.0109766756893908,1.2271402057985314,1.0058076413698744,1.000228184739994,1.0109766756893908,1.1227609213501122,1.0063564204458326
2015-06-17,1.0110736084792615,1.023383730138199,1.2114858240407151,1.0154868543998297,1.0110736084792615,1.023383730138199,1.1182047467874392,1.0165107240249271
2015-06-18,1.0192023415526208,1.041856267103769,1.2126395625310902,1.0241895773405876,1.0192023415526208,1.041856267103769,1.1314737281862932,1.0249716210659405
2015-06-19,1.0265542640531442,1.0520209136143224,1.2180218696898757,1.0319040978277254,1.0265542640531442,1.0520209136143224,1.145806290724556,1.032620833595275
2015-06-22,1.0395744133924074,1.0635606896329437,1.2384393467251955,1.0446117522645115,1.0395744133924074,1.0635606896329437,1.1641463072034925,1.0451344991568745
2015-06-23,1.043122424002411,1.0651305189037696,1.2044764932834449,1.047302274127539,1.043122424002411,1.0651305189037696,1.1541322130342313,1.0475405802927036
2015-06-24,1.0355574861445889,1.0612779630021634,1.2122544251640663,1.0408691852992935,1.0355574861445889,1.0612779630021634,1.1347273928067045,1.040395813696185
2015-06-25,1.0384525844232906,1.065135884093244,1.1978316698740064,1.0445905111693954,1.0384525844232906,1.065135884093244,1.1216638036492923,1.043673402476397
2015-06-26,1.0400180957154475,1.0666653593800663,1.2011060602907107,1.0462846300845485,1.0400180957154475,1.0666653593800663,1.1323417169634369,1.0457658051733643
2015-06-29,1.029118461002346,1.0587457905347968,1.203207370297371,1.0369319056098387,1.029118461002346,1.0587457905347968,1.1300816554851598,1.035253591967263
2015-06-30,1.0376790909019753,1.0642245251880782,1.215482203705027,1.0454850927329717,1.0376790909019753,1.0642245251880782,1.1409936045067777,1.0438945774512447
2015-07-01,1.0482329097981997,1.074452897286166,1.2214201805765235,1.0560043911118984,1.0482329097981997,1.074452897286166,1.1534062034463388,1.0546511841753456
2015-07-02,1.0496113019451854,1.0756913879231917,1.1838040132211065,1.0567589989036048,1.0496113019451854,1.0756913879231917,1.139595920070602,1.0553973080057364
2015-07-03,1.0519449442465325,1.0789123617775047,1.2041352368347693,1.0598685347760128,1.0519449442465325,1.0789123617775047,1.164907263486587,1.058787826098097
2015-07-06,1.057882617326542,1.0851345474658989,1.199697055804972,1.06609396068127,1.057882617326542,1.0851345474658989,1.1719253728499017,1.0650167763081468
2015-07-07,1.0591898684483605,1.0814901718596848,1.184881082279866,1.0669760204487337,1.0591898684483605,1.0814901718596848,1.181623943314332,1.0657842452659447
2015-07-08,1.043078408137492,1.0682861019762688,1.1791703225014216,1.0513754719338266,1.043078408137492,1.0682861019762688,1.1833013591556611,1.0503018985812913
2015-07-09,1.0374545725795288,1.059899982818998,1.1685907808919007,1.0456112579492884,1.0374545725795288,1.059899982818998,1.1809973167074757,1.0445823710484392
2015-07-10,1.039712331400019,1.0624355094877749,1.1624648521644902,1.0477429717117697,1.039712331400019,1.0624355094877749,1.17587669657914,1.0467244950373302
2015-07-13,1.0517885959181106,1.0732664584560996,1.161825193135603,1.0599593454052412,1.0517885959181106,1.0732664584560996,1.1704961709107051,1.0589450592202971
2015-07-14,1.051908341767645,1.0711442168888365,1.1746085315122083,1.0607400359591432,1.051908341767645,1.0711442168888365,1.180871568379311,1.0596765425012524
2015-07-15,1.058194923781408,1.0805482906037283,1.1825395740488338,1.0674751058118934,1.058194923781408,1.0805482906037283,1.1950698360400593,1.0664604695854263
2015-07-16,1.0683896669169834,1.0911001289508644,1.182471341289079,1.0771138749043683,1.0683896669169834,1.0911001289508644,1.184615253001376,1.0759996901225346
2015-07-17,1.070067005935252,1.09172792480006,1.1848891594614444,1.0791765290748891,1.070067005935252,1.09172792480006,1.191216935248148,1.0779334161473029
2015-07-20,1.0731321810822891,1.093921880520173,1.1782304233453096,1.0823028847259593,1.0731321810822891,1.093921880520173,1.1866447523005994,1.0811175752279538
2015-07-21,1.0604184209901992,1.085819158841389,1.1901657716290408,1.0713211191948349,1.0604184209901992,1.085819158841389,1.1816938374526316,1.0703593888285146
2015-07-22,1.0715273228972053,1.1020050553531604,1.1950469297930355,1.0826830183738771,1.0715273228972053,1.1020050553531604,1.1891877539141145,1.0816601213484769
2015-07-23,1.0691054493937058,1.0957855741056055,1.1770495282155806,1.0803890759550023,1.0691054493937058,1.0957855741056055,1.1764207332612187,1.0794077237528361
2015-07-24,1.0639373438936317,1.0869397915750456,1.1889592176323711,1.0748877865749058,1.0639373438936317,1.0869397915750456,1.1949846640986088,1.0739225066996652
2015-07-27,1.0463177698656283,1.0694899842295018,1.1906429158243879,1.0573845843952918,1.0463177698656283,1.0694899842295018,1.1969922620355984,1.056515117444285
2015-07-28,1.044759767331184,1.0707515243469605,1.1863318081851593,1.056459769294537,1.044759767331184,1.0707515243469605,1.1940384681302052,1.0555787235309109
2015-07-29,1.0490910097566712,1.0708868217053333,1.1865221863715392,1.0602137962557443,1.0490910097566712,1.0708868217053333,1.2085702386314299,1.0594893827218035
2015-07-30,1.058220789511207,1.0751164934163382,1.2112423103887373,1.0683537165887158,1.058220789511207,1.0751164934163382,1.2347697794569497,1.0677242093320851
2015-07-31,1.0696585164245005,1.0849654364278711,1.203274639833891,1.0795617292531892,1.0696585164245005,1.0849654364278711,1.2235433718496689,1.0789229552220292
2015-08-03,1.0706134242345091,1.0858678615707968,1.2053946408922218,1.0807399644835483,1.0706134242345091,1.0858678615707968,1.228809880227869,1.0801387291374518
2015-08-04,1.080654758795406,1.0842371454546234,1.2099129967848865,1.0873775692278347,1.080654758795406,1.0842371454546234,1.214073928065541,1.0870332936578344
2015-08-05,1.0903821379792802,1.0916723075718269,1.2165421009067239,1.0960011603763788,1.0903821379792802,1.0916723075718269,1.2268017340554325,1.0956137532196553
2015-08-06,1.0898036783841636,1.091285647569268,1.1930833886815833,1.0967086747660775,1.0898036783841636,1.091285647569268,1.2164557492205397,1.0962701062258073
2015-08-07,1.0881327965796987,1.089957658244684,1.1742757482039732,1.0953783240482304,1.0881327965796987,1.089957658244684,1.2319089910271561,1.0948671878009104
2015-08-10,1.0847420374132564,1.0846370055759402,1.182711270004032,1.0920963946692441,1.0847420374132564,1.0846370055759402,1.2340824578830392,1.0911733661843273
2015-08-11,1.0768493937657504,1.079880320526669,1.1957683258678502,1.0845042720097549,1.0768493937657504,1.079880320526669,1.2400233288239093,1.0835515956561192
2015-08-12,1.060753605353552,1.067067123019965,1.1810103370160963,1.0686959070171067,1.060753605353552,1.067067123019965,1.2733601024820629,1.0684483093189452
2015-08-13,1.0584618731419424,1.0633921640065644,1.1909258046596598,1.0668323526483776,1.0584618731419424,1.0633921640065644,1.259798644785927,1.0664794690291848
2015-08-14,1.076930162217414,1.0869128270434605,1.196953819220562,1.0852510806015738,1.076930162217414,1.0869128270434605,1.2601270155277124,1.084742734598921
2015-08-17,1.0730537586011506,1.080266858544104,1.1738363813017338,1.0806529143002024,1.0730537586011506,1.080266858544104,1.2358035484084515,1.080426241205055
2015-08-18,1.0752222715528958,1.0819671989018584,1.1599369972882208,1.0832463158278807,1.0752222715528958,1.0819671989018584,1.2387815289659898,1.0830317371580411
2015-08-19,1.0777817778180188,1.0857512480219005,1.1745711142856368,1.0860488444287597,1.0777817778180188,1.0857512480219005,1.2352268137936626,1.08559941462782
2015-08-20,1.063667337617683,1.0641575479615377,1.178734770169741,1.0724594554466342,1.063667337617683,1.0641575479615377,1.2358893942744382,1.0722061638889735
2015-08-21,1.0539368277809054,1.0570843478911,1.1661434475362356,1.062315721001531,1.0539368277809054,1.0570843478911,1.2184035480170832,1.0625014159965027
2015-08-24,0.983934513179101,0.9899731008083907,1.1013372306087323,0.9946518352608262,0.983934513179101,0.9899731008083907,1.1490653303917007,0.9953773121584584
2015-08-25,0.9946771548951274,1.0007506063957687,1.0917468047193972,1.0040138010531279,0.9946771548951274,1.0007506063957687,1.1300362842214753,1.0046308690035797
2015-08-26,0.9867320396737209,0.9955060574342421,1.0972321245046364,0.9968771207649743,0.9867320396737209,0.9955060574342421,1.1318356504635771,0.9976146217121151
2015-08-27,1.0059289870135384,1.0109217828939554,1.1018224076088279,1.0140755611966172,1.0059289870135384,1.0109217828939554,1.1425098846420927,1.014797537813269
2015-08-28,1.0135110718859361,1.0171284248006898,1.117066905181939,1.022263162068476,1.0135110718859361,1.0171284248006898,1.1651276043567234,1.0229180195962373
2015-08-31,1.0099453066256237,1.0091850034951977,1.1267116874664773,1.0194278723160766,1.0099453066256237,1.0091850034951977,1.1582603436830756,1.0199539505139847
2015-09-01,0.9888741504667754,0.9888898770771365,1.1025875827540166,0.997864331436821,0.9888741504667754,0.9888898770771365,1.1591264663508813,0.9986898712818751
2015-09-02,0.9805763057809936,0.9870366536760242,1.086505315506393,0.9884868627748896,0.9805763057809936,0.9870366536760242,1.1660921923404368,0.9896675552281406
2015-09-03,0.996888934617126,0.9983589881995076,1.0942677475587697,1.0046680670826795,0.996888934617126,0.9983589881995076,1.1868233167754274,1.0056861035822438
2015-09-04,0.9773629297616463,0.9784782966605992,1.0704780509467122,0.9855305802253629,0.9773629297616463,0.9784782966605992,1.1669014847208585,0.9864097786420754
2015-09-07,0.9619999984616887,0.9672262191868121,1.062207992729745,0.9710333551088257,0.9619999984616887,0.9672262191868121,1.1903108321158764,0.9718611217791658
2015-09-08,0.9728713547834053,0.979523521088629,1.052497374285624,0.9815541573103617,0.9728713547834053,0.979523521088629,1.19699616827869,0.9832826633615043
2015-09-09,0.9917209086499544,0.9981592208217466,1.042415531491051,0.9996682903464399,0.9917209086499544,0.9981592208217466,1.1908981825655836,1.0020550558741677
2015-09-10,0.9885452156871287,0.9925609515270007,1.031382991537022,0.9960163206610454,0.9885452156871287,0.9925609515270007,1.1716878391448624,0.9984625586869315
2015-09-11,0.9887598453599246,0.9922787543027459,1.0335862014171544,0.9966713542262599,0.9887598453599246,0.9922787543027459,1.1715395047365134,0.9988282645674544
2015-09-14,1.0043557488438466,1.0023216598982538,1.0370648657576487,1.0104549753794747,1.0043557488438466,1.0023216598982538,1.1789623994804965,1.0133590540926107
2015-09-15,0.9977100233576155,0.9986522742810383,1.0541064834909668,1.0052554319248808,0.9977100233576155,0.9986522742810383,1.1844872183537003,1.0074247810909773
2015-09-16,1.002509691115159,1.0056047367966878,1.0750608776108834,1.0107241193884298,1.002509691115159,1.0056047367966878,1.2067433210007883,1.0130177408738286
2015-09-18,1.011445873005202,1.0176418333506636,1.0713263985543626,1.0193117173707946,1.011445873005202,1.0176418333506636,1.2093944281714468,1.021219197197617
2015-09-21,1.0100304257401247,1.0129939839318112,1.0775846308923334,1.0177058790145035,1.0100304257401247,1.0129939839318112,1.212267827437887,1.0196492639420323
2015-09-22,0.9902397286582635,0.9914393944292997,1.0596150539661295,0.9982885630288224,0.9902397286582635,0.9914393944292997,1.2108637929529191,0.9996577892956718
2015-09-23,0.9915556751104574,0.994965022509092,1.0432463563905991,0.9997850244561329,0.9915556751104574,0.994965022509092,1.2022832332666478,1.0007965516461996
2015-09-24,0.9917899918332111,0.9943471231289234,1.0447526080379808,1.0009758575480363,0.9917899918332111,0.9943471231289234,1.1931730970198908,1.001253005802333
2015-09-28,0.9853981600152595,0.9885563788749281,1.0546586383417866,0.9954181327898313,0.9853981600152595,0.9885563788749281,1.2298765432483703,0.9952837621540859
2015-09-29,0.9844725568976459,0.9925248349628827,1.0475279741493153,0.9960434214075143,0.9844725568976459,0.9925248349628827,1.248969086543456,0.9959173258497627
2015-09-30,1.0008554241332963,1.0089861315344102,1.0404906016225834,1.0122460263221411,1.0008554241332963,1.0089861315344102,1.2501873668597496,1.0120571585815765
2015-10-01,1.0027649605039741,1.011199666860728,1.063884094124761,1.014128589510669,1.0027649605039741,1.011199666860728,1.268752021981866,1.0140578961034543
2015-10-05,1.021384188017274,1.03224569422452,1.06479843141087,1.0318369005917405,1.021384188017274,1.03224569422452,1.2894171292443866,1.0314264664759896
2015-10-06,1.0262388770458433,1.0358060328366838,1.0597572531215202,1.0364267668949607,1.0262388770458433,1.0358060328366838,1.2846514676908936,1.0362461185286396
2015-10-07,1.0295004531857372,1.0374978885354884,1.035049802889817,1.0384179916924388,1.0295004531857372,1.0374978885354884,1.252485292111714,1.037823577919164
2015-10-08,1.0252131368185102,1.0272481053853522,1.036368056951615,1.0339352898504381,1.0252131368185102,1.0272481053853522,1.2464917475399968,1.0334335339201175
2015-10-09,1.0288135922122617,1.031013770353219,1.036392523739027,1.0368452293131933,1.0288135922122617,1.031013770353219,1.2405827199871726,1.0365225030935727
2015-10-12,1.0273802119763686,1.0277189888841798,1.0199834177050384,1.0341428095326388,1.0273802119763686,1.0277189888841798,1.2137309760458799,1.0339289674984133
2015-10-13,1.025106823925397,1.0256696797568603,1.025288213827442,1.0326835447448868,1.025106823925397,1.0256696797568603,1.2197685337857676,1.0323012947268044
2015-10-14,1.0231759004316678,1.0217867677939743,1.0053625347970403,1.0297825303459638,1.0231759004316678,1.0217867677939743,1.2004562546812878,1.029417396542305
2015-10-15,1.0325843602575615,1.02613526265508,0.9933340865712291,1.0372972039389305,1.0325843602575615,1.02613526265508,1.1847319203639668,1.0369697262062494
2015-10-16,1.0391713854683424,1.0346768849530412,1.0040864232111102,1.0443967581446822,1.0391713854683424,1.0346768849530412,1.1998570226825744,1.0440027988767115
2015-10-19,1.041443989039026,1.049976565741529,1.0065194553543706,1.0472113624325934,1.041443989039026,1.049976565741529,1.2111444306115247,1.046991529908656
2015-10-20,1.040132488750684,1.0498685222998667,1.015498861986726,1.0463389142891768,1.040132488750684,1.0498685222998667,1.2387975352209886,1.0460567827989402
2015-10-21,1.0397133471050444,1.0495040045965764,1.0060221591391856,1.0459276484410331,1.0397133471050444,1.0495040045965764,1.2273392995978614,1.045687948213827
2015-10-23,1.0399576502751122,1.0525251553871136,1.01049059922498,1.0461042170732893,1.0399576502751122,1.0525251553871136,1.226468254537323,1.0458135345653081
2015-10-26,1.0378915603183625,1.0473134908786033,1.0103087474341352,1.0442714320775208,1.0378915603183625,1.0473134908786033,1.2227706025318026,1.0440600171906798
2015-10-27,1.037979609955285,1.0469403505971433,1.0300093172441327,1.0445694148911069,1.037979609955285,1.0469403505971433,1.2430512505779983,1.044339506952575
2015-10-28,1.0327979127419769,1.042445569426182,1.0514687973115087,1.040041953605727,1.0327979127419769,1.042445569426182,1.2516600307362753,1.0400739602016944
2015-10-29,1.0261212989300208,1.035914790482993,1.0445552581788569,1.0330207733860104,1.0261212989300208,1.035914790482993,1.2413879580626554,1.033001863006655
2015-10-30,1.0236853378392434,1.03573001848419,1.0454164199507638,1.0299860216563546,1.0236853378392434,1.03573001848419,1.24387782514613,1.0298093078808876
2015-11-02,1.0222310724513497,1.0385810443819146,1.0611336100706965,1.0299456711228352,1.0222310724513497,1.0385810443819146,1.2697476276074613,1.0297317822403524
2015-11-03,1.023162914850784,1.0418008021575444,1.0759474640611006,1.0311123244159317,1.023162914850784,1.0418008021575444,1.282585584997433,1.0308718397194547
2015-11-04,1.0205421499232719,1.0351021441741894,1.0734001328877836,1.028985094633005,1.0205421499232719,1.0351021441741894,1.2790852921767049,1.0288735073044621
2015-11-05,1.0091206627020977,1.0224235958387626,1.078483563852885,1.0190341660823186,1.0091206627020977,1.0224235958387626,1.287866598729986,1.0190497307485606
2015-11-06,1.004722900685047,1.0274029257396626,1.0667019160672393,1.0148649884228413,1.004722900685047,1.0274029257396626,1.2687084272890423,1.0150876912335887
2015-11-09,0.9997872677086926,1.0249976742045943,1.044436406865711,1.009366807770005,0.9997872677086926,1.0249976742045943,1.2374941132703703,1.0099442212983716
2015-11-10,0.9841553743513234,1.0057497956937498,1.0395064818266886,0.9951545278311482,0.9841553743513234,1.0057497956937498,1.2569042335535638,0.9955504026477224
2015-11-13,0.9819655783702828,1.0043939965441588,1.0251822258486842,0.9918038709125321,0.9819655783702828,1.0043939965441588,1.254786754391041,0.9919977635066427
2015-11-16,0.9866219754297083,1.0067980056162558,1.0210560751758841,0.9957002724413638,0.9866219754297083,1.0067980056162558,1.2327381930307955,0.9963018470999995
2015-11-17,0.9915234476436282,1.0079605934609597,1.0346382318859721,1.0002451755224757,0.9915234476436282,1.0079605934609597,1.2413018537915754,1.0008670625521663
2015-11-18,0.9826905022513923,0.9941986057281829,1.0256986744320067,0.9924288930856604,0.9826905022513923,0.9941986057281829,1.2401899968771002,0.9926913536289127
2015-11-19,0.996145498405165,1.010000958311095,1.0509192458617216,1.0061108788850597,0.996145498405165,1.010000958311095,1.2585510882172368,1.0063778726610444
2015-11-20,0.999898943571122,1.0157598844789113,1.0504497150178573,1.0099334204753934,0.999898943571122,1.0157598844789113,1.264115844122089,1.0105192446716569
2015-11-23,1.0005472687228978,1.0165857554928721,1.0425266609980117,1.0108479101985142,1.0005472687228978,1.0165857554928721,1.2716357093096948,1.0113121739237272
2015-11-24,0.9967647601902286,1.0168852483001904,1.0375439931235,1.0072217171190037,0.9967647601902286,1.0168852483001904,1.2726251911054907,1.0077012732702086
2015-11-26,0.9996958048457601,1.023560939307609,1.04004120309958,1.0104196965610424,0.9996958048457601,1.023560939307609,1.2698884770757837,1.0098841016132727
2015-11-27,1.0040815164794987,1.0273778412588113,1.0422492375999484,1.0146247214217257,1.0040815164794987,1.0273778412588113,1.2729752368035445,1.0141172594105106
2015-11-30,1.0026244718259105,1.0250226492711483,1.0504741552333745,1.0132984545863672,1.0026244718259105,1.0250226492711483,1.2726131243507772,1.0128738447260779
2015-12-01,1.0086373259071595,1.026707260433072,1.0745092664174902,1.0187425252396374,1.0086373259071595,1.026707260433072,1.294026339880345,1.0184882866534946
2015-12-02,1.0107709461269856,1.0276141406827504,1.072755330982774,1.0200366735694548,1.0107709461269856,1.0276141406827504,1.2866244273106382,1.019881361102095
2015-12-03,1.0025642005934612,1.0212531967868874,1.0702592648648177,1.0121354474458677,1.0025642005934612,1.0212531967868874,1.2835327915601085,1.0118854760023093
2015-12-04,0.9950048866416815,1.0116838051488826,1.0633057562094186,1.0046148896227678,0.9950048866416815,1.0116838051488826,1.2692915390485298,1.0039390621728401
2015-12-07,0.9949340108369403,1.0084894799940873,1.0730508035833024,1.0048401393459219,0.9949340108369403,1.0084894799940873,1.273052524674414,1.0035719803567553
2015-12-08,0.9849387966043934,1.0008222493512415,1.0622044701594915,0.9959409545656519,0.9849387966043934,1.0008222493512415,1.2750250467573094,0.994525074281941
2015-12-09,0.9703002312928796,0.988826013168781,1.0406787886689148,0.98225631524048,0.9703002312928796,0.988826013168781,1.2804983727012609,0.9811833356686416
2015-12-10,0.9808699615118458,1.00333705323592,1.0409160859424542,0.9922237516585263,0.9808699615118458,1.00333705323592,1.2839202420335758,0.9911832306567973
2015-12-11,0.971891397426757,0.9979275426038623,1.0172388622865145,0.9831610516025614,0.971891397426757,0.9979275426038623,1.2762559701278686,0.9822846190332327
2015-12-14,0.9795622839764626,1.002421385543755,1.0162845294512781,0.9899396942989843,0.9795622839764626,1.002421385543755,1.2809807932713078,0.9892083116979363
2015-12-15,0.9854308077582601,1.01174189606624,1.0118282713597226,0.9953739816670912,0.9854308077582601,1.01174189606624,1.2741180827887075,0.9950191085718667
2015-12-16,0.9891406072662268,1.017629608966667,1.0355528159183902,0.9992833550229895,0.9891406072662268,1.017629608966667,1.2787260684878545,0.9986080694117546
2015-12-17,1.0041261165512774,1.0345382319417833,1.0427499280762393,1.0134496359586,1.0041261165512774,1.0345382319417833,1.2892204340364706,1.012678580516291
2015-12-18,0.9970610018849206,1.023266724766955,1.0533140437282433,1.0064993301058813,0.9970610018849206,1.023266724766955,1.2810283782338563,1.0055450953047158
2015-12-21,1.0050002390234554,1.030624436204345,1.0550880630113273,1.013903607220459,1.0050002390234554,1.030624436204345,1.2749394710022128,1.013385618274362
2015-12-22,1.0016405033284166,1.0247205163601842,1.0603945798816816,1.010478777609038,1.0016405033284166,1.0247205163601842,1.2798184255083582,1.0096957885688578
2015-12-23,1.0101216777828113,1.0362161429092902,1.0567848536900708,1.017944652232747,1.0101216777828113,1.0362161429092902,1.2808851247944235,1.0174472920415614
2015-12-24,1.0111751897502053,1.0356640506659258,1.0497861113474092,1.018687034218161,1.0111751897502053,1.0356640506659258,1.271215660944493,1.018175597981977
2015-12-28,1.0163837068003494,1.0428731609488806,1.0467692171558964,1.0239661188159253,1.0163837068003494,1.0428731609488806,1.272361925409055,1.0238783849792026
2015-12-29,1.0177408346144168,1.043902586484321,1.0422788419346385,1.0256736043999586,1.0177408346144168,1.043902586484321,1.2658225688760432,1.0255552954009868
2015-12-30,1.015310715704196,1.0364995050862225,1.0511045919375497,1.0229324290506396,1.015310715704196,1.0364995050862225,1.2654115318909438,1.0228527051336134
2015-12-31,1.0195451634398192,1.0434811751319542,1.0488930576704685,1.0271371825523756,1.0195451634398192,1.0434811751319542,1.2529010284478637,1.026973383298796
2016-01-01,1.0234596614528726,1.044975756418039,1.0470291657392743,1.0301110767062498,1.0234596614528726,1.044975756418039,1.2464454682770831,1.030046389733683
2016-01-04,1.0071724144770577,1.0261858223521227,1.0467212980772285,1.0140020613050145,1.0071724144770577,1.0261858223521227,1.2389561745584805,1.0139763775750248
2016-01-05,1.009968770389955,1.026624498324803,1.027567697191484,1.0150017047010371,1.009968770389955,1.026624498324803,1.2297831092463645,1.0150064403575187
2016-01-06,1.0053537880646501,1.0300724190273425,1.0338277751595752,1.011582233735488,1.0053537880646501,1.0300724190273425,1.2166104274083158,1.0114256588683301
2016-01-07,0.980459219562348,1.0107305679184382,1.0155145030778991,0.9884772893408464,0.980459219562348,1.0107305679184382,1.1893799833221215,0.9881825030139508
2016-01-08,0.9868930387055076,1.0177753716073668,1.0454010889291363,0.994504053027999,0.9868930387055076,1.0177753716073668,1.190254499301974,0.9943271024119474
2016-01-11,0.9785187610761673,1.0169530143881087,1.0229379920063095,0.9862659308968116,0.9785187610761673,1.0169530143881087,1.1997459027802808,0.986221924515739
2016-01-12,0.9730482148535228,1.0096533274717312,1.0061579431601557,0.9814192778584103,0.9730482148535228,1.0096533274717312,1.1898748395670875,0.9811103253261055
2016-01-13,0.973653956946564,1.0175326964400586,0.9936246435375155,0.9822494671916502,0.973653956946564,1.0175326964400586,1.176282587652575,0.9817735341621672
2016-01-14,0.96767655240589,1.0117191927431162,0.9714426011893454,0.9769499236031313,0.96767655240589,1.0117191927431162,1.142978957700823,0.976179618884579
2016-01-15,0.952629407474174,1.0020213415190076,0.940204277502261,0.9632852914933193,0.952629407474174,1.0020213415190076,1.1343363616736435,0.9621519663239781
2016-01-18,0.9377285760802749,0.9824396820721445,0.9543378330242696,0.9490394900537643,0.9377285760802749,0.9824396820721445,1.1525332276127154,0.9476329978943299
2016-01-19,0.9476037483619599,0.9952494711711007,0.9517172625770648,0.9576552549226202,0.9476037483619599,0.9952494711711007,1.1578995198029383,0.9565307878606059
2016-01-20,0.9324557169430804,0.9764029960795899,0.9462345669704304,0.9440324397051052,0.9324557169430804,0.9764029960795899,1.1544587388159353,0.9424138123541522
2016-01-21,0.9296221372637181,0.9707457170912824,0.9707873205084038,0.9411937495749871,0.9296221372637181,0.9707457170912824,1.1439826749580262,0.9396597750966527
2016-01-22,0.95212563517651,0.9887058548789698,0.9893782530896251,0.9612749537413441,0.95212563517651,0.9887058548789698,1.1542957418307127,0.9601729911315416
2016-01-25,0.9550701065846172,0.9915448817577613,1.0046250417747569,0.9638003573418236,0.9550701065846172,0.9915448817577613,1.1561568836658165,0.9625775894802933
2016-01-27,0.9563140444883395,0.9910419735170765,1.0129117557680256,0.9650282756187193,0.9563140444883395,0.9910419735170765,1.177324476930196,0.9636816857949787
2016-01-28,0.952001071737547,0.9929629577726609,0.993787015143499,0.9608383396840813,0.952001071737547,0.9929629577726609,1.1695638555469188,0.9593163201091008
2016-01-29,0.9697904536543137,1.0103130572447023,1.0149590279556855,0.9793866032989124,0.9697904536543137,1.0103130572447023,1.19378343021597,0.9774710379918793
2016-02-01,0.9710972476852949,1.0082756142016007,1.016569504215199,0.9806542748772368,0.9710972476852949,1.0082756142016007,1.1905588703357635,0.9784952810476728
2016-02-02,0.9527494393734995,0.9927833631509292,1.0252446185167585,0.9641056270929108,0.9527494393734995,0.9927833631509292,1.1822060636150675,0.9617409094648868
2016-02-03,0.9442715912622123,0.9833698122673163,1.0103809895201967,0.9564078983330467,0.9442715912622123,0.9833698122673163,1.1537632391154005,0.9538961824484875
2016-02-04,0.9492140578628394,0.9864087816230926,1.0334733148621245,0.9612232685229053,0.9492140578628394,0.9864087816230926,1.1655338143916496,0.9583000427107184
2016-02-05,0.9634125301970522,0.9946401727429728,1.0471600472731304,0.9740526237621316,0.9634125301970522,0.9946401727429728,1.1544233620949251,0.971289966796924
2016-02-08,0.9542808320720236,0.9829885614384487,1.0261392167266359,0.9635761998953244,0.9542808320720236,0.9829885614384487,1.1362176607418153,0.9611359020858354
2016-02-09,0.9414574364398521,0.9699854461198543,0.9982334718342328,0.9504853308785141,0.9414574364398521,0.9699854461198543,1.117056518889847,0.9484765328101311
2016-02-10,0.933825764442319,0.9651404082525081,0.9890843262090798,0.9435962446187995,0.933825764442319,0.9651404082525081,1.1126521012930979,0.9409591589967713
2016-02-11,0.9035300082429146,0.9324856026798564,0.9789287264368484,0.914328019790901,0.9035300082429146,0.9324856026798564,1.0727880444443951,0.9111153367666842
2016-02-12,0.8965794172396925,0.9279631786634073,1.0066929164306668,0.9085472390672835,0.8965794172396925,0.9279631786634073,1.0788339017727486,0.9055342606481257
2016-02-15,0.922536213768508,0.9539881205962417,1.0053889576603736,0.9315309549516584,0.922536213768508,0.9539881205962417,1.087146150523048,0.9291533379914366
2016-02-16,0.9103284269526135,0.9405096239759696,0.9812628310676351,0.9201988562327519,0.9103284269526135,0.9405096239759696,1.0969789264289784,0.9176848374538015
2016-02-17,0.9169189806941096,0.9499286225686703,0.9867139000188085,0.9261760081079038,0.9169189806941096,0.9499286225686703,1.0901047159288502,0.9236087102500977
2016-02-18,0.9269315025052567,0.9571380529408471,0.9844446723453543,0.9365163202934873,0.9269315025052567,0.9571380529408471,1.0932078221074293,0.9333569065764286
2016-02-19,0.9304146304665213,0.9607902259018244,0.9733443321993281,0.9402132466423784,0.9304146304665213,0.9607902259018244,1.104158601210541,0.9369195823082532
2016-02-22,0.9338713633980077,0.9676023925802226,0.9634806214344029,0.9436421739925287,0.9338713633980077,0.9676023925802226,1.1160409258325454,0.9402337915685567
2016-02-23,0.9191997486052187,0.9505739000187301,0.9475940749708995,0.9282035036138594,0.9191997486052187,0.9505739000187301,1.096815093516132,0.9249115004803872
2016-02-24,0.9091849868552473,0.9422037040414487,0.9395170048922058,0.9182487031855996,0.9091849868552473,0.9422037040414487,1.0669526926134123,0.9150824653742
2016-02-25,0.9030974398424382,0.9348048949733875,0.914534959405006,0.9114347261220026,0.9030974398424382,0.9348048949733875,1.0588913835316711,0.9080083579833491
2016-02-26,0.9071389555841854,0.941608564914558,0.9293221128324406,0.9154540697248945,0.9071389555841854,0.941608564914558,1.0626352593875104,0.9120773422079113
2016-02-29,0.9005285786862152,0.9393746664995166,0.9444524441256937,0.9086184440312566,0.9005285786862152,0.9393746664995166,1.0230085809001255,0.9056729973815335
2016-03-01,0.9294458033624777,0.9668831581122485,1.0285482400968828,0.9375036639197294,0.9294458033624777,0.9668831581122485,1.0597524406530605,0.9347608355699442
2016-03-02,0.9465064499513374,0.989628099452754,1.0435192921702328,0.953994340332487,0.9465064499513374,0.989628099452754,1.0813705054213993,0.9522205524427498
2016-03-03,0.9574593444388033,1.001146719876809,1.064619315823336,0.9641305663803182,0.9574593444388033,1.001146719876809,1.0918220990157776,0.961673671764934
2016-03-04,0.9621329244192729,1.0008224316772412,1.0522586472332007,0.9678375523298035,0.9621329244192729,1.0008224316772412,1.0887800271282828,0.9660974114625258
2016-03-08,0.9626623918803466,1.0020501469330787,1.0290691245103691,0.9677023311018467,0.9626623918803466,1.0020501469330787,1.0899941361564238,0.9659525341698094
2016-03-09,0.9675898130236565,1.0101306850880725,1.0453517874066298,0.9728448281598926,0.9675898130236565,1.0101306850880725,1.1058875127861738,0.9715539367960915
2016-03-10,0.9661054387484738,0.9998291474293111,1.0531064047046854,0.9710903432366268,0.9661054387484738,0.9998291474293111,1.111946784560987,0.9695691853336813
2016-03-11,0.9659220811298003,1.0023837224946195,1.0716878837952455,0.9711349156809777,0.9659220811298003,1.0023837224946195,1.1188021856776638,0.9693692266788209
2016-03-14,0.9695296774712687,1.0062152418717947,1.0673519505421416,0.9740257340734966,0.9695296774712687,1.0062152418717947,1.1169386447867615,0.9725819082336967
2016-03-15,0.9621690637130169,1.0015705379206814,1.058721786355999,0.9655483359675201,0.9621690637130169,1.0015705379206814,1.1020704341383485,0.9652259449955886
2016-03-16,0.9622426361109309,1.0039488268351002,1.071087315359531,0.9661518490805034,0.9622426361109309,1.0039488268351002,1.1071495980074986,0.9661727241386507
2016-03-17,0.9675128474128928,1.0087630006406154,1.06617997226758,0.9712305700444103,0.9675128474128928,1.0087630006406154,1.1040055769986223,0.9715994890900125
2016-03-18,0.9787282139917628,1.0224756975990748,1.0712431095859274,0.9819530398877859,0.9787282139917628,1.0224756975990748,1.1058047778571505,0.9823616318518373
2016-03-21,0.988320543856268,1.034947276375056,1.0958749842914595,0.991789515087446,0.988320543856268,1.034947276375056,1.1358640957276898,0.9926967591605985
2016-03-22,0.9899337176895008,1.0386470096221179,1.0949458328670465,0.9929245304444869,0.9899337176895008,1.0386470096221179,1.146152784568481,0.9945238379849093
2016-03-23,0.9940328709611751,1.0369555993423363,1.095580405017633,0.9959605464661221,0.9940328709611751,1.0369555993423363,1.114976024099214,0.9975120491010766
2016-03-28,0.9788638516630489,1.0245202027360225,1.117790000842844,0.9838090254596178,0.9788638516630489,1.0245202027360225,1.1113189910174965,0.9846707489068396
2016-03-29,0.976686078680444,1.0273119149789953,1.1166798276749261,0.9810850044629893,0.976686078680444,1.0273119149789953,1.1201405902200519,0.9819548374448152
2016-03-30,0.9977278561423653,1.0444172322630938,1.111651871692482,1.0001743183401612,0.9977278561423653,1.0444172322630938,1.1273010944176105,1.0010246345674236
2016-03-31,1.000833073128876,1.0468419627496917,1.117962019167652,1.0040074908895449,1.000833073128876,1.0468419627496917,1.1362936686370173,1.0048840884524197
2016-04-01,0.9974684555195381,1.0393375279448116,1.1120599154553132,1.000308202696404,0.9974684555195381,1.0393375279448116,1.1315258187657709,1.001083699242226
2016-04-04,1.0040493188129638,1.045616497268562,1.1026119825368008,1.0070182056288373,1.0040493188129638,1.045616497268562,1.136408733216625,1.0078457728390653
2016-04-05,0.9842940734377197,1.028201496999494,1.1123027798588296,0.9896834092041024,0.9842940734377197,1.028201496999494,1.1525417079617448,0.9904949101497307
2016-04-06,0.9895577052333372,1.03189543000012,1.1244354314556597,0.9942089131923696,0.9895577052333372,1.03189543000012,1.1573281892381877,0.9950598699177989
2016-04-07,0.984059645932625,1.026442845904389,1.1249250350781341,0.9891655666725728,0.984059645932625,1.026442845904389,1.192900789258386,0.9901086680892129
2016-04-08,0.9868425256601626,1.0253394050080753,1.1441983737103802,0.9917572430332482,0.9868425256601626,1.0253394050080753,1.1926421759947157,0.9927474200543105
2016-04-11,1.0016083921493377,1.0403820950486078,1.150886097229424,1.005346301422681,1.0016083921493377,1.0403820950486078,1.189322081804113,1.0062897743257524
2016-04-12,1.0080558720404582,1.045848295192161,1.1595754407547654,1.0118798286525994,1.0080558720404582,1.045848295192161,1.2055284337917442,1.0130236865780358
2016-04-13,1.026032136312333,1.062763560053446,1.1720877481631011,1.0293348921221102,1.026032136312333,1.062763560053446,1.2100472025197613,1.030404782557973
2016-04-18,1.0337948597703748,1.0683742947734263,1.1773398950111778,1.0377616003015926,1.0337948597703748,1.0683742947734263,1.1886335918455941,1.038929026884258
2016-04-20,1.0388882011119247,1.0622625260403744,1.2056397572234667,1.0412068996200934,1.0388882011119247,1.0622625260403744,1.2144194843992933,1.0422322210133041
2016-04-21,1.0353315088745452,1.0616741555602525,1.1665972681638066,1.0356218025191,1.0353315088745452,1.0616741555602525,1.1737774100593965,1.0366889381648976
2016-04-22,1.0356302274494418,1.0596814646693231,1.16534120894612,1.0352173439738426,1.0356302274494418,1.0596814646693231,1.1654772725644913,1.0362690937476875
2016-04-25,1.0302041355575553,1.0537531227772576,1.1387361871774606,1.0303869395729162,1.0302041355575553,1.0537531227772576,1.127573919118122,1.0314258998991561
2016-04-26,1.0405844475086372,1.0640526666562784,1.1506483239325171,1.0405514121097008,1.0405844475086372,1.0640526666562784,1.1289515364726843,1.0414753714412437
2016-04-27,1.0441328736769189,1.0670517876109629,1.168019628618417,1.0447839425741157,1.0441328736769189,1.0670517876109629,1.1411743168452633,1.0458018341926247
2016-04-28,1.0292027085699356,1.0513185010306803,1.1638299123167901,1.0304925362775283,1.0292027085699356,1.0513185010306803,1.1454930520187352,1.031569472586398
2016-04-29,1.0298244114609094,1.0472652702937857,1.166548152086709,1.03077867176585,1.0298244114609094,1.0472652702937857,1.1421446502890147,1.0316309387982263
2016-05-02,1.030086165425901,1.0441628628396806,1.1569661141104357,1.030127534061223,1.030086165425901,1.0441628628396806,1.1363071714425497,1.030902158563116
2016-05-03,1.0214965505565117,1.033516228647951,1.1666126907224617,1.022108995775134,1.0214965505565117,1.033516228647951,1.1389782474214578,1.0228113695004475
2016-05-04,1.0098284345678228,1.0290204486459442,1.1799613391900166,1.0140320200682815,1.0098284345678228,1.0290204486459442,1.1446802588546565,1.014668694557156
2016-05-05,1.0098855731760712,1.0286472337470542,1.1830777587051693,1.0141539651973417,1.0098855731760712,1.0286472337470542,1.1500028306537389,1.0147612354219209
2016-05-06,1.009610980664336,1.0273316956798455,1.180409185593273,1.0131318286801996,1.009610980664336,1.0273316956798455,1.143013243553192,1.0138453611091482
2016-05-09,1.020374820877674,1.0416716027261523,1.1909801984203818,1.0239228534011564,1.020374820877674,1.0416716027261523,1.1434897723740993,1.0246102603482905
2016-05-10,1.0200965131096713,1.0442877542168345,1.1898049404350428,1.024443443234075,1.0200965131096713,1.0442877542168345,1.1481244026075996,1.0251718033329182
2016-05-11,1.0187653142373472,1.040012140298669,1.1879183273914293,1.0234806016119105,1.0187653142373472,1.040012140298669,1.166112819701141,1.023989939480579
2016-05-12,1.0268287887021477,1.0514921940535147,1.1927586155143883,1.0312192683655148,1.0268287887021477,1.0514921940535147,1.1712961071674168,1.0320138608165839
2016-05-13,1.0169588099808915,1.0389303885482553,1.1983095972419848,1.023032181536834,1.0169588099808915,1.0389303885482553,1.2113817582747888,1.024476258773171
2016-05-16,1.02092196137776,1.042728933677951,1.2054406921386978,1.0277411060822015,1.02092196137776,1.042728933677951,1.2381411325886909,1.029133451961973
2016-05-17,1.0239706589728887,1.0428745498035128,1.1818295494178934,1.030594226156917,1.0239706589728887,1.0428745498035128,1.2326035548690757,1.032221372787197
2016-05-18,1.0223647557202329,1.0413043823294632,1.1917997077879638,1.0283764559517303,1.0223647557202329,1.0413043823294632,1.2248687621572822,1.0298219720968138
2016-05-19,1.0106503809572789,1.0292006275430245,1.1705309018900953,1.0182708223071506,1.0106503809572789,1.0292006275430245,1.2350592316613533,1.019631326445055
2016-05-20,1.0068844609447913,1.0214483511163623,1.1594808346827954,1.014166541730473,1.0068844609447913,1.0214483511163623,1.2241689303059913,1.015454334382679
2016-05-23,1.0025907187870493,1.017103821084826,1.1774908863106754,1.0098332554978147,1.0025907187870493,1.017103821084826,1.2431193977146717,1.0109792559765873
2016-05-24,1.0026849937107625,1.0198445573083097,1.171975459965759,1.0098231130988753,1.0026849937107625,1.0198445573083097,1.262347106390387,1.010949167965504
2016-05-25,1.020642601538518,1.0396097241916349,1.1690029028747875,1.0272434359633098,1.020642601538518,1.0396097241916349,1.250552680664878,1.029334729354678
2016-05-26,1.0329116087765868,1.0512812297422351,1.1745456153848508,1.0377383740831532,1.0329116087765868,1.0512812297422351,1.2266125761118103,1.0398340464918188
2016-05-27,1.0452095154028485,1.0671134007032805,1.1863284774076923,1.0498765777603176,1.0452095154028485,1.0671134007032805,1.2148582917765793,1.0516413985075987
2016-05-30,1.0531150122328652,1.0720918771765804,1.1829123744243102,1.0567249469852573,1.0531150122328652,1.0720918771765804,1.250177932941586,1.0586754327057664
2016-05-31,1.0480509943449228,1.0635706646122174,1.1730456160499434,1.0503544362335617,1.0480509943449228,1.0635706646122174,1.2417496743764702,1.052175381577339
2016-06-01,1.0536085698869027,1.0675392064672975,1.1810496508593407,1.056315807585552,1.0536085698869027,1.0675392064672975,1.28291393531956,1.0588373425502529
2016-06-02,1.0611777684062413,1.0728666247772638,1.1834692750197096,1.0626074309345808,1.0611777684062413,1.0728666247772638,1.2686046505698831,1.0644899430396355
2016-06-03,1.0604676839116525,1.0735014382875754,1.176614336288035,1.062220361848823,1.0604676839116525,1.0735014382875754,1.2582179457537692,1.0641464031521448
2016-06-06,1.0582504268299742,1.0710148156678092,1.1644793206044493,1.0598116298372964,1.0582504268299742,1.0710148156678092,1.2432237638263428,1.0621137963280656
2016-06-07,1.0654226561634306,1.079177829055933,1.1561716449067383,1.0658911760751968,1.0654226561634306,1.079177829055933,1.2429958796763652,1.0684398891233566
2016-06-08,1.0687626830908254,1.078841157752114,1.1621592151096494,1.068644124907697,1.0687626830908254,1.078841157752114,1.2407968818655721,1.0710491013994874
2016-06-09,1.0662482843388037,1.0766141441548256,1.1826361797926008,1.0660159692143154,1.0662482843388037,1.0766141441548256,1.245856997699904,1.0678336342338108
2016-06-10,1.0621602924492697,1.074251523771152,1.170368085465194,1.0618797212685398,1.0621602924492697,1.074251523771152,1.2581112746181673,1.0643005576956686
2016-06-13,1.0555167260195715,1.069331807787651,1.1528437873303596,1.0561680396969013,1.0555167260195715,1.069331807787651,1.2288742092678961,1.058310510825415
2016-06-14,1.0590025367947011,1.0689217613018236,1.1658818103906907,1.0577797376391516,1.0590025367947011,1.0689217613018236,1.2387859030224369,1.0604356471166245
2016-06-15,1.0705773102380702,1.08187431173836,1.176372546772893,1.0695376258219498,1.0705773102380702,1.08187431173836,1.244680037163824,1.0718731817975657
2016-06-16,1.065448376560947,1.0760519214935147,1.1925217593090467,1.0641765314753966,1.065448376560947,1.0760519214935147,1.2565363262948641,1.0666054874116642
2016-06-17,1.0658528269109444,1.0785545085338921,1.206293201593193,1.0653586137105533,1.0658528269109444,1.0785545085338921,1.2764932837446816,1.067799622902773
2016-06-20,1.0726155490538216,1.089650719184662,1.1836632917710157,1.071496076859207,1.0726155490538216,1.089650719184662,1.2676841328752935,1.0744983273138802
2016-06-21,1.0693372287869662,1.0859222055761546,1.1808569311198411,1.068342396528242,1.0693372287869662,1.0859222055761546,1.2761233057535644,1.0711218132630131
2016-06-22,1.0695442368545045,1.0846739442615432,1.1921642596461304,1.0687604514294802,1.0695442368545045,1.0846739442615432,1.2767145138108607,1.0712280333759727
2016-06-23,1.0741149110630037,1.08959850200237,1.1930347781867228,1.073113468608643,1.0741149110630037,1.08959850200237,1.2786183981481822,1.0754406200055315
2016-06-24,1.0575369417399159,1.0654328628278025,1.1908334723219478,1.0587461588187725,1.0575369417399159,1.0654328628278025,1.2784672265112595,1.0611882956184122
2016-06-27,1.06254566842047,1.0645955579311757,1.200544074262413,1.062569604816345,1.06254566842047,1.0645955579311757,1.2739466222132032,1.0649402941778632
2016-06-28,1.0693826145281131,1.0679528899580166,1.223418624295747,1.0694107147247047,1.0693826145281131,1.0679528899580166,1.2964464615412732,1.0719571802897219
2016-06-29,1.0800446647913775,1.078416561977439,1.2425019299526368,1.0806837039894406,1.0800446647913775,1.078416561977439,1.309761350636558,1.0827923403845479
2016-06-30,1.0940059767869004,1.0898176028373963,1.2654042963591567,1.0945701370108747,1.0940059767869004,1.0898176028373963,1.3276971632754457,1.0967182765085295
2016-07-01,1.101721719309865,1.092146928964662,1.2565436626089908,1.1019093613115196,1.101721719309865,1.092146928964662,1.3255880460740377,1.1039694642194418
2016-07-04,1.107546945348133,1.0989433672415132,1.2655742819149123,1.1059452592733763,1.107546945348133,1.0989433672415132,1.3337990607568286,1.1079267503820387
2016-07-05,1.1013608638226116,1.0957025251600674,1.2548307774561436,1.0996323228811153,1.1013608638226116,1.0957025251600674,1.3299558974281491,1.1017516824963403
2016-07-07,1.0992520226148106,1.0921099908068026,1.2695988534615494,1.0985654919401775,1.0992520226148106,1.0921099908068026,1.3265301999158274,1.1008849230901143
2016-07-08,1.097931470556444,1.0875965678888695,1.2651092227239347,1.0982887592802248,1.097931470556444,1.0875965678888695,1.3208125363208847,1.1006951565760144
2016-07-11,1.1150556235679057,1.1052908130679422,1.2790637547240211,1.1146225879296414,1.1150556235679057,1.1052908130679422,1.3336917996347293,1.1169242426566726
2016-07-12,1.1228697134043,1.1135347063878882,1.2687948538498444,1.1213059141698722,1.1228697134043,1.1135347063878882,1.3419450537878068,1.123384442281005
2016-07-13,1.1227028972423192,1.1164932089427595,1.286498369931869,1.1208251044548594,1.1227028972423192,1.1164932089427595,1.3438245840374212,1.1227565767784569
2016-07-14,1.128709815285061,1.121154806508232,1.2881602871831725,1.1268204658304104,1.128709815285061,1.121154806508232,1.3608110166174479,1.1288506158545546
2016-07-15,1.1297399466542462,1.1167203637492515,1.2972625085198242,1.1278901477495964,1.1297399466542462,1.1167203637492515,1.3647070777984087,1.1297053013197185
2016-07-18,1.1248942726110938,1.1113742967628453,1.2888749663231096,1.1234310170476256,1.1248942726110938,1.1113742967628453,1.3558379161277012,1.12526416554579
2016-07-19,1.1259541920299454,1.1156922616755434,1.2904841365088655,1.1237857593333995,1.1259541920299454,1.1156922616755434,1.3600965919431982,1.1256157501576318
2016-07-20,1.1335413065275992,1.1217699281161433,1.3052745636656355,1.1319400509795918,1.1335413065275992,1.1217699281161433,1.3821694538468265,1.1342020947088067
2016-07-21,1.1296317174930064,1.1144636042718654,1.3143212821339623,1.1282298920500293,1.1296317174930064,1.1144636042718654,1.3655103269423805,1.1305961451645805
2016-07-22,1.1340067362071253,1.1180101769128035,1.3190153615749576,1.1318520731532797,1.1340067362071253,1.1180101769128035,1.3746890980896,1.1341895064503003
2016-07-25,1.1430121254852708,1.1301995342233933,1.3274543078816143,1.1411723966154073,1.1430121254852708,1.1301995342233933,1.386445667243562,1.1433890144087853
2016-07-26,1.141441153323457,1.1288509070899135,1.3048922371094165,1.1392651395271471,1.141441153323457,1.1288509070899135,1.381430827698266,1.1415714010128486
2016-07-27,1.1444472862866644,1.129441762339633,1.2993554072691422,1.142027262841021,1.1444472862866644,1.129441762339633,1.4021997067810332,1.143993526169107
2016-07-28,1.1517221208351731,1.1399750406054547,1.3043224045885626,1.1502039894665257,1.1517221208351731,1.1399750406054547,1.4140866034978492,1.1519921915480742
2016-07-29,1.1553397233782106,1.1359677886129418,1.3015000653099131,1.1542305859377449,1.1553397233782106,1.1359677886129418,1.4316544030525136,1.1561115281561836
2016-08-01,1.1587428960287025,1.1389050480713911,1.3048090118411544,1.158941267279261,1.1587428960287025,1.1389050480713911,1.4277196953344964,1.161337464855115
2016-08-02,1.1543177190831428,1.1383636704329205,1.2673926272927152,1.1551875777167966,1.1543177190831428,1.1383636704329205,1.4347353626409907,1.157813707190405
2016-08-03,1.1429677526229636,1.1253038623718972,1.3251134912600133,1.1445249202435852,1.1429677526229636,1.1253038623718972,1.428254092320751,1.1470008387888087
2016-08-04,1.1475184370362663,1.1254677512348417,1.3349624891885974,1.1480671753658283,1.1475184370362663,1.1254677512348417,1.4323145357043254,1.1506724877161922
2016-08-05,1.1668716684574427,1.1412186355814207,1.3484204022986181,1.167371006579547,1.1668716684574427,1.1412186355814207,1.4524007834991748,1.1699836135138648
2016-08-08,1.1754753462966023,1.1464313807027238,1.3213770916496448,1.1754188725107972,1.1754753462966023,1.1464313807027238,1.4853774741633072,1.1780132392496352
2016-08-09,1.1713797484778865,1.1457977477529182,1.3249532831802622,1.1714024911160188,1.1713797484778865,1.1457977477529182,1.4726386148639268,1.1739135124002842
2016-08-10,1.1594778186725794,1.1320608023931982,1.3161429127557973,1.1563905414235536,1.1594778186725794,1.1320608023931982,1.4388122410245912,1.1587437801364815
2016-08-11,1.160422224163059,1.137477933266938,1.3317737313437426,1.157741275364714,1.160422224163059,1.137477933266938,1.4201524865925903,1.15951581820486
2016-08-12,1.1682927015134361,1.1493829100383317,1.3409511443461404,1.1650407168261465,1.1682927015134361,1.1493829100383317,1.4413275627036222,1.1664568216491218
2016-08-16,1.1711251529052278,1.144294639917439,1.3395372098317622,1.1667474743188944,1.1711251529052278,1.144294639917439,1.4411825526393032,1.1675549754301413
2016-08-17,1.1709172863753812,1.136432815470957,1.3419697377843514,1.1661103492096905,1.1709172863753812,1.136432815470957,1.4426587430922873,1.166818624193087
2016-08-18,1.1772440007835283,1.1426142102881185,1.3367551734943575,1.1729142122276406,1.1772440007835283,1.1426142102881185,1.454139306556341,1.1741777996085183
2016-08-19,1.1795790191959676,1.141604368167592,1.3246008708068793,1.1739326754621924,1.1795790191959676,1.141604368167592,1.4479661921328415,1.17493986368071
2016-08-22,1.1730262658208659,1.1356991475267986,1.3302449252474788,1.1678093171368733,1.1730262658208659,1.1356991475267986,1.4336504149755767,1.1686205528213687
2016-08-23,1.1712833918076466,1.1383458147609051,1.3404364804848907,1.1668059388761565,1.1712833918076466,1.1383458147609051,1.4578270526942327,1.1676847702624287
2016-08-24,1.1748552174285194,1.1417294301250611,1.3494124214836534,1.1702201185905199,1.1748552174285194,1.1417294301250611,1.4732168168177044,1.1716719637982473
2016-08-25,1.166818088709964,1.1332663200118755,1.338233023474405,1.1620212456899612,1.166818088709964,1.1332663200118755,1.4610845547210713,1.1645696869417428
2016-08-26,1.1653322781840298,1.1328857141601696,1.3454388149610197,1.1605911513446097,1.1653322781840298,1.1328857141601696,1.4713265728967628,1.1634429595623117
2016-08-29,1.1665876488123288,1.1390988279703431,1.3330879228679042,1.1604051263253585,1.1665876488123288,1.1390988279703431,1.4538544864167797,1.1636502409845957
2016-08-30,1.1828147767524642,1.1546425686151578,1.348080058290638,1.1770125788865486,1.1828147767524642,1.1546425686151578,1.4830548934857077,1.1809064049523204
2016-08-31,1.186396505873205,1.155325230254478,1.3551688052951192,1.1809580264354045,1.186396505873205,1.155325230254478,1.4822306750814793,1.1849155522809116
2016-09-01,1.183257911853108,1.1455773295614289,1.3698690110073524,1.1781002807206045,1.183257911853108,1.1455773295614289,1.4902532211911896,1.1825521718491103
2016-09-02,1.1880152067398904,1.144619732712596,1.3665637082170725,1.182482655398701,1.1880152067398904,1.144619732712596,1.4898328791742055,1.1864291433794683
2016-09-06,1.2053044256801342,1.1568918319559744,1.3933172842828223,1.199298763438449,1.2053044256801342,1.1568918319559744,1.5210630295581458,1.2029196037622476
2016-09-07,1.2029057876463969,1.153401436319085,1.3847167919059489,1.1952509676383005,1.2029057876463969,1.153401436319085,1.5060813173304348,1.1990418142468
2016-09-08,1.2123823429391738,1.155720188432,1.38313260594845,1.2040712489571674,1.2123823429391738,1.155720188432,1.507368103576146,1.2085928998003972
2016-09-09,1.2007868485772075,1.1530875379647993,1.3642498762226363,1.1933972951581142,1.2007868485772075,1.1530875379647993,1.5039640248248443,1.197812253107663
2016-09-12,1.1744243294598025,1.1403477771653223,1.3436159063389697,1.1693852937053697,1.1744243294598025,1.1403477771653223,1.4986785765378094,1.17450524694187
2016-09-14,1.1799762983851347,1.139474228588072,1.3378235484677692,1.1731663905814027,1.1799762983851347,1.139474228588072,1.4966663296216915,1.1784182208935918
2016-09-15,1.1786628078193881,1.144805653703143,1.3475671961221358,1.1719278093275973,1.1786628078193881,1.144805653703143,1.4961784302577457,1.1772882086847793
2016-09-16,1.1832754406527555,1.152503753916967,1.3598606540877736,1.177723686604513,1.1832754406527555,1.152503753916967,1.5290405231797823,1.1837259094048327
2016-09-19,1.187328703184377,1.1580926885764076,1.363480582724748,1.1811845232356162,1.187328703184377,1.1580926885764076,1.5282509772256767,1.1876170862978233
2016-09-20,1.184940644310646,1.1533627996268194,1.355438073979572,1.1778233086268348,1.184940644310646,1.1533627996268194,1.534169519967976,1.184715921197585
2016-09-21,1.1870921877968552,1.154236561015265,1.3547560939991883,1.1796719394410182,1.1870921877968552,1.154236561015265,1.5283754616112104,1.1864222185163267
2016-09-22,1.201072777359233,1.1649501421134463,1.374017305855991,1.1926143496017294,1.201072777359233,1.1649501421134463,1.5300975233069412,1.1995598283228857
2016-09-23,1.1996414760413237,1.1661988191863917,1.3926311406992633,1.1914880143433328,1.1996414760413237,1.1661988191863917,1.5459631061047387,1.1985006173568529
2016-09-26,1.1877905441968137,1.157535338573682,1.3891052345993768,1.1797156305298306,1.1877905441968137,1.157535338573682,1.5385035401550102,1.1866031661428258
2016-09-27,1.1850489287319972,1.1578533110056815,1.3987166085723504,1.1779900814477569,1.1850489287319972,1.1578533110056815,1.5462203545263151,1.1849178865209755
2016-09-28,1.1919732360547994,1.1558118147892413,1.393954744377551,1.1834546603047398,1.1919732360547994,1.1558118147892413,1.5292541126564423,1.1901809445133267
2016-09-29,1.1613967862688557,1.1356964813201194,1.3587172663678764,1.1555761512700107,1.1613967862688557,1.1356964813201194,1.504109130766341,1.1622961176369937
2016-09-30,1.1662417672819663,1.140042778771449,1.3602926730369491,1.1596624348568971,1.1662417672819663,1.140042778771449,1.4967826246778202,1.166189207480873
2016-10-03,1.187956302722142,1.152246852926207,1.3797639172852851,1.1807102109770695,1.187956302722142,1.152246852926207,1.5144093533990155,1.187227149815946
2016-10-04,1.1930098315470574,1.1563267092539857,1.3808836026001077,1.185002744499845,1.1930098315470574,1.1563267092539857,1.51198563795771,1.1916802153382071
2016-10-05,1.1920166454175778,1.1522738312469314,1.3815206291530044,1.183860829958609,1.1920166454175778,1.1522738312469314,1.4799730592540536,1.1904772703863726
2016-10-06,1.1860634493617372,1.1533474655026335,1.363963597732697,1.1777717112485495,1.1860634493617372,1.1533474655026335,1.4492576205284735,1.1843214902569563
2016-10-07,1.1845875209168046,1.1499489176346531,1.3633298666395701,1.175767391240801,1.1845875209168046,1.1499489176346531,1.4457950170905145,1.1822327454124515
2016-10-10,1.187769468039584,1.1495871556056954,1.3699593184525451,1.1788479799658484,1.187769468039584,1.1495871556056954,1.4583517265945412,1.1852606095062483
2016-10-13,1.1729387330443655,1.1281367431991227,1.3422343335738514,1.1649352454717976,1.1729387330443655,1.1281367431991227,1.4367076478178875,1.171360769142545
2016-10-14,1.1765551695364007,1.1348170130145119,1.3461959922769964,1.1679634853402512,1.1765551695364007,1.1348170130145119,1.4476403899864798,1.1745898930362417
2016-10-17,1.168651716488719,1.1281153025948891,1.3245025015019807,1.1593277382948,1.168651716488719,1.1281153025948891,1.4490140114536039,1.1656631711391348
2016-10-18,1.1878914022088185,1.1480659828453803,1.3353882605851806,1.1778462254670592,1.1878914022088185,1.1480659828453803,1.4796528288913413,1.1840938785465107
2016-10-19,1.188724513435323,1.147819862214958,1.341237019066232,1.1779848879272996,1.188724513435323,1.147819862214958,1.4762168961999342,1.1844778211914613
2016-10-20,1.1926767667447475,1.1511200358940843,1.335277871767621,1.1803874619025991,1.1926767667447475,1.1511200358940843,1.4756145486776062,1.1868201927322712
2016-10-21,1.193333329617619,1.1492430132599563,1.3448046279992092,1.1823707803977228,1.193333329617619,1.1492430132599563,1.478000455805466,1.188360863853052
2016-10-24,1.1913582039622144,1.1480045704820006,1.3434328167943719,1.1798924925089511,1.1913582039622144,1.1480045704820006,1.4583467106688845,1.185968846577144
2016-10-25,1.1906652476950805,1.1442766548767245,1.3253062735884318,1.178270536224113,1.1906652476950805,1.1442766548767245,1.4436073694739602,1.1842936021415122
2016-10-26,1.182820951539067,1.1377386879903968,1.332179592732226,1.1717108214569387,1.182820951539067,1.1377386879903968,1.4629083313612408,1.1773184123926455
2016-10-27,1.1759949475744444,1.1357502249437839,1.3366263700138805,1.1658019354084723,1.1759949475744444,1.1357502249437839,1.4794581564409195,1.1709683410465896
2016-10-28,1.1808611514395706,1.1364078404990803,1.344993478426447,1.171202244689758,1.1808611514395706,1.1364078404990803,1.4871682954469456,1.1763569149011794
2016-11-01,1.1829098450039706,1.1322075332368537,1.317373319694054,1.172336666719352,1.1829098450039706,1.1322075332368537,1.4571252956599816,1.1775100854457927
2016-11-02,1.1666933928492662,1.1142343376496853,1.3008248695892415,1.1578703943956066,1.1666933928492662,1.1142343376496853,1.4436417417810008,1.1628465709638067
2016-11-03,1.1590796406585213,1.1113068585597878,1.2924490044990082,1.1509639699352452,1.1590796406585213,1.1113068585597878,1.4608804963121662,1.1554669468806817
2016-11-04,1.1477115865065604,1.1034876654295211,1.3097192927707222,1.1412529369924447,1.1477115865065604,1.1034876654295211,1.4490762965743467,1.1451906943422114
2016-11-07,1.1557437031627733,1.1051916933058987,1.2938938893109801,1.1481995522261548,1.1557437031627733,1.1051916933058987,1.4291497303689726,1.1519333215586685
2016-11-08,1.157638300764459,1.1082735166238324,1.3156510659395717,1.150173092797255,1.157638300764459,1.1082735166238324,1.4366421862636745,1.1539347630787422
2016-11-09,1.1390520819653693,1.0928863811831835,1.3261907834340114,1.133380849241152,1.1390520819653693,1.0928863811831835,1.4122705497133887,1.1369163222334802
2016-11-10,1.1591262930501314,1.104436245531732,1.3536090519616604,1.1501935269603774,1.1591262930501314,1.104436245531732,1.434761613323183,1.153809067283354
2016-11-11,1.1251175975858911,1.080551127241271,1.3321396760997741,1.118700480494146,1.1251175975858911,1.080551127241271,1.3998424164172172,1.1216871094641605
2016-11-15,1.09460626825115,1.0641529813919202,1.318999085030827,1.0903926604731953,1.09460626825115,1.0641529813919202,1.398005020980206,1.0928101846527296
2016-11-16,1.0995592517360422,1.070098493718663,1.2890587848074209,1.0938947395234166,1.0995592517360422,1.070098493718663,1.3913473823539617,1.0963581623826761
2016-11-17,1.0940028830429818,1.0607439306253101,1.2712357312574127,1.0879335068852662,1.0940028830429818,1.0607439306253101,1.3690794442678533,1.0904743609172314
2016-11-18,1.0980532369225844,1.0612135050729032,1.2737501240637905,1.0916459244309613,1.0980532369225844,1.0612135050729032,1.3814837085276876,1.0948471702107268
2016-11-21,1.0755445148193392,1.0495423433805902,1.275084066786871,1.071490302327315,1.0755445148193392,1.0495423433805902,1.3636668948227402,1.0740768329813781
2016-11-22,1.0880940605172214,1.058691009800849,1.3008371966416628,1.0829693753419896,1.0880940605172214,1.058691009800849,1.3768873691644425,1.0861431271265745
2016-11-23,1.0955196313529718,1.0650396444161738,1.3126364215209503,1.089055002966488,1.0955196313529718,1.0650396444161738,1.3625374620814763,1.0924138742694385
2016-11-24,1.0900574665732548,1.0571918201192623,1.3100452089861525,1.0836365982320382,1.0900574665732548,1.0571918201192623,1.3735647725410254,1.0866926449588314
2016-11-25,1.1093734285426964,1.077668689707693,1.3409668767502387,1.1028453586241942,1.1093734285426964,1.077668689707693,1.4028108347268415,1.1054606860105884
2016-11-28,1.1148172698934178,1.076778364811625,1.3429256605802897,1.108094329001814,1.1148172698934178,1.076778364811625,1.3985822619854207,1.1105577325150762
2016-11-29,1.1195712999479668,1.0793123013299923,1.3367974145851658,1.1119830198752192,1.1195712999479668,1.0793123013299923,1.397442079698149,1.1148601033746661
2016-11-30,1.1306771901680939,1.0872517351349622,1.3289620554067054,1.122214810544271,1.1306771901680939,1.0872517351349622,1.3955303944554547,1.1250419652427948
2016-12-01,1.1241149929911916,1.0842426451393052,1.3399662907962264,1.116447131026142,1.1241149929911916,1.0842426451393052,1.405754295753023,1.11912038639789
2016-12-02,1.1128575652019146,1.0730419494149732,1.3127885339687193,1.10459749656105,1.1128575652019146,1.0730419494149732,1.4001695362018174,1.1077041518386603
2016-12-05,1.122621003992069,1.0772573451295657,1.3124710747086383,1.113179290417778,1.122621003992069,1.0772573451295657,1.4095710203395357,1.1166301230197828
2016-12-06,1.1231083000800763,1.079421038762721,1.3214399106177308,1.1136174016240465,1.1231083000800763,1.079421038762721,1.4103007728307684,1.117002235671184
2016-12-07,1.1192060119642138,1.0725247797458644,1.3074459628070803,1.1095391375667367,1.1192060119642138,1.0725247797458644,1.387378553167813,1.1126204019662438
2016-12-08,1.1372066698381897,1.0908414329876743,1.3227313034247856,1.1268664410000984,1.1372066698381897,1.0908414329876743,1.4195879630611539,1.1299789140937397
2016-12-09,1.13708012008418,1.0950436691791723,1.3181096773696606,1.126512393953619,1.13708012008418,1.0950436691791723,1.4115705746252938,1.1296294548113581
2016-12-12,1.1232309937178742,1.0858544421222107,1.291844543711664,1.1134540065103733,1.1232309937178742,1.0858544421222107,1.405119695738552,1.1163839193339695
2016-12-13,1.125024967582406,1.0905587055297636,1.2961241568337325,1.1164572221164688,1.125024967582406,1.0905587055297636,1.406981136322937,1.1193465134328942
2016-12-14,1.1174220532981398,1.0915792495214052,1.2943629926353875,1.1092768319965285,1.1174220532981398,1.0915792495214052,1.4027884109174538,1.1119744669517286
2016-12-15,1.1136877651660877,1.090531311484214,1.2731952604312344,1.1052077670369151,1.1136877651660877,1.090531311484214,1.4014593409447549,1.1077070834951968
2016-12-16,1.1104486479622129,1.090584403929569,1.2589370896042151,1.1021811601205813,1.1104486479622129,1.090584403929569,1.4158851694274728,1.1047084637977564
2016-12-19,1.1022096828629073,1.0871363858733547,1.2734235790871602,1.0953011105623411,1.1022096828629073,1.0871363858733547,1.4043242333611532,1.097154861240855
2016-12-20,1.0953461583476216,1.0852147194439214,1.2790828309543065,1.089999426704438,1.0953461583476216,1.0852147194439214,1.3984224773698657,1.091178966771992
2016-12-21,1.0944260939705572,1.0832971724971483,1.2886991515645696,1.0887320731676504,1.0944260939705572,1.0832971724971483,1.3918557512546927,1.0901570156562608
2016-12-22,1.0776459282857298,1.0708817466124114,1.269718755023497,1.0731781705196985,1.0776459282857298,1.0708817466124114,1.3689082770996246,1.0746211572854003
2016-12-23,1.0743785486422635,1.0713867951804883,1.2321247053941027,1.0682990894097593,1.0743785486422635,1.0713867951804883,1.304024883435716,1.0697478967788234
2016-12-26,1.0593143918044687,1.0628869267908019,1.2214589705862187,1.0541517268114557,1.0593143918044687,1.0628869267908019,1.274713687194447,1.055559010650071
2016-12-27,1.0771357587623553,1.0791756422847905,1.2294732734659999,1.0710189827469887,1.0771357587623553,1.0791756422847905,1.2909200191144674,1.072424485259298
2016-12-28,1.079841539133008,1.076280144662948,1.2362743019450646,1.0739827590602045,1.079841539133008,1.076280144662948,1.3045172654274675,1.0753916412234756
2016-12-29,1.0901515243626045,1.0871280899811446,1.2383655189582103,1.0834711208606782,1.0901515243626045,1.0871280899811446,1.3047695379873259,1.084930757771382
2016-12-30,1.1006300667481848,1.0991016246966303,1.2405822589376378,1.093172148289611,1.1006300667481848,1.0991016246966303,1.3041404477441232,1.0946316473345965
2017-01-02,1.1079757871940237,1.100703444825706,1.2285729362394258,1.0985028604799305,1.1079757871940237,1.100703444825706,1.2878144686227846,1.099912395559175
2017-01-03,1.1115193285757554,1.103289353469422,1.2269673609633562,1.101423873037617,1.1115193285757554,1.103289353469422,1.2850533251699447,1.1028590218098397
2017-01-04,1.1126076315476525,1.098859998862327,1.221209905645947,1.1021771737043464,1.1126076315476525,1.098859998862327,1.2760537665251241,1.1035497668446768
2017-01-05,1.1267869379750706,1.1068601318427027,1.228751106298934,1.1148790039161856,1.1267869379750706,1.1068601318427027,1.2846099765128174,1.116294006116965
2017-01-06,1.1200650235325513,1.100074605601724,1.2149596934668192,1.1083040243211797,1.1200650235325513,1.100074605601724,1.26474241376598,1.1097520081579053
2017-01-09,1.1174819838291046,1.1007348224092564,1.2036026577171088,1.1054622532888438,1.1174819838291046,1.1007348224092564,1.253914310369297,1.106923495091896
2017-01-10,1.1240973358834212,1.1087953954501868,1.1966731766650784,1.1113558798649315,1.1240973358834212,1.1087953954501868,1.2510034145299609,1.1128337523794516
2017-01-11,1.138482454463424,1.116913534309393,1.2084024431838112,1.124648825664689,1.138482454463424,1.116913534309393,1.2546999489931723,1.1261707064199036
2017-01-12,1.1417930493070496,1.1203587320230508,1.2386756466408613,1.1287550910294397,1.1417930493070496,1.1203587320230508,1.279525801978936,1.1302812044845818
2017-01-13,1.1397321400760383,1.115443564954997,1.2262447785062842,1.1264033222413519,1.1397321400760383,1.115443564954997,1.2699501352554583,1.127924639931687
2017-01-16,1.142258992121697,1.1137622454914848,1.20008808982625,1.1279708755320557,1.142258992121697,1.1137622454914848,1.2547739877630362,1.1295177433224632
2017-01-17,1.1424824179170636,1.1074284943741464,1.202156195877051,1.1277438989446344,1.1424824179170636,1.1074284943741464,1.2549249739498762,1.129481124941287
2017-01-18,1.1483424630509234,1.109944190503045,1.2001236857807471,1.1326961052042128,1.1483424630509234,1.109944190503045,1.253554627722332,1.1344087565838576
2017-01-19,1.1521082399975016,1.1113638269051822,1.1868440635375461,1.135957406169819,1.1521082399975016,1.1113638269051822,1.2505552035477616,1.1373322725504975
2017-01-20,1.1357325186609948,1.1004230741083587,1.1961107336906427,1.1215690331678132,1.1357325186609948,1.1004230741083587,1.247655862442605,1.1229608798262447
2017-01-23,1.1415275378241205,1.1024478875028614,1.1818691790564695,1.1267094105185043,1.1415275378241205,1.1024478875028614,1.2349669555178047,1.1275716370999775
2017-01-24,1.153775150779323,1.1112349307263565,1.2156213397531457,1.1388805476874766,1.153775150779323,1.1112349307263565,1.2508909657837863,1.139369730602924
2017-01-25,1.1682072844479119,1.1195606779627494,1.2062675142883466,1.152599872365689,1.1682072844479119,1.1195606779627494,1.2302272603675815,1.1526612919182517
2017-01-27,1.175749869248717,1.1265471986345812,1.2159459153809768,1.157886328047823,1.175749869248717,1.1265471986345812,1.2574876322361275,1.158497237237653
2017-01-30,1.1787839340590334,1.1320395082285604,1.2083257693399225,1.1603115085253026,1.1787839340590334,1.1320395082285604,1.245847762485298,1.16053245715318
2017-01-31,1.1658197574394344,1.1204434524027675,1.1968854548832646,1.1485559085288597,1.1658197574394344,1.1204434524027675,1.2454798577456452,1.148856018151437
2017-02-01,1.1842226749955769,1.1291617743880382,1.2155035967090824,1.1646105888835245,1.1842226749955769,1.1291617743880382,1.2349869859490725,1.1642178355959367
2017-02-02,1.192907062114652,1.1347488582850727,1.1977953154792806,1.1715615522432885,1.192907062114652,1.1347488582850727,1.2524355566534195,1.1723164449411556
2017-02-03,1.1968507123761276,1.1355133330740814,1.2187169897368453,1.1755192262459615,1.1968507123761276,1.1355133330740814,1.259940642430518,1.1768331201307527
2017-02-06,1.2069505584372837,1.1442713404335623,1.2134204041491545,1.184694666789357,1.2069505584372837,1.1442713404335623,1.256278036870569,1.1853751302304922
2017-02-07,1.1983546004625938,1.1385396554535838,1.199605308705031,1.1770164563271117,1.1983546004625938,1.1385396554535838,1.2335443335411145,1.177552177253216
2017-02-08,1.2015871858942866,1.1382573290305391,1.2015441282732262,1.179572653353362,1.2015871858942866,1.1382573290305391,1.2312368923321513,1.1800740648704386
2017-02-09,1.202258001764138,1.1428441887690743,1.1935260915769932,1.1804144499976221,1.202258001764138,1.1428441887690743,1.234679737522459,1.1815441309638968
2017-02-10,1.2060341189750428,1.149282656122414,1.1915487718292894,1.1841999200439657,1.2060341189750428,1.149282656122414,1.2313130971636548,1.1852570657734969
2017-02-13,1.2068968368621755,1.1518593004433544,1.1933818077560165,1.185833653025969,1.2068968368621755,1.1518593004433544,1.2365635469051688,1.1866851690653133
2017-02-14,1.2029699458693695,1.1553169827417524,1.1833961724438895,1.1824847214020144,1.2029699458693695,1.1553169827417524,1.2253053793138002,1.182704521051805
2017-02-15,1.19362670238187,1.152206434961552,1.2043452725929191,1.1749318462432643,1.19362670238187,1.152206434961552,1.243921074735508,1.1748910546273308
2017-02-16,1.206122596499691,1.1645472552365252,1.2090910495879061,1.1854097766828628,1.206122596499691,1.1645472552365252,1.2470428128410285,1.1862315088640156
2017-02-17,1.2086027463089133,1.1678451381468913,1.2259986641288612,1.1881614424180733,1.2086027463089133,1.1678451381468913,1.245987773256588,1.1894673328463352
2017-02-20,1.2184501898146471,1.179523126558304,1.241127150369796,1.1975656341110108,1.2184501898146471,1.179523126558304,1.2599331512383485,1.1993346568041063
2017-02-21,1.2227803796813916,1.183575808795684,1.2506879211177215,1.201745367835411,1.2227803796813916,1.183575808795684,1.2692338210230363,1.2033775402166247
2017-02-22,1.2216786054812339,1.2060278905996702,1.2611021370997033,1.2026025060476022,1.2216786054812339,1.2060278905996702,1.2804800937744698,1.20318693674595
2017-02-23,1.2237608299629783,1.206080173696804,1.2419286741330637,1.2043227721563585,1.2237608299629783,1.206080173696804,1.2844361897990528,1.2055548207978617
2017-02-27,1.2173009731443794,1.2146355101357156,1.24954760329283,1.1984315665697216,1.2173009731443794,1.2146355101357156,1.2994843547995287,1.2004013815571535
2017-02-28,1.2167797263184617,1.213637985659389,1.2478255978147546,1.1967803461162816,1.2167797263184617,1.213637985659389,1.2777996960007632,1.1985429221409687
2017-03-01,1.2243241367213773,1.2191256817842178,1.2584469832049274,1.2042690049399432,1.2243241367213773,1.2191256817842178,1.262474777120373,1.20581076639522
2017-03-02,1.2122222315862499,1.2138402846968939,1.258591387472785,1.1942867285156922,1.2122222315862499,1.2138402846968939,1.2728025353945875,1.1952617513299943
2017-03-03,1.213028392272778,1.2179784913599712,1.2593653710896107,1.1945644014727597,1.213028392272778,1.2179784913599712,1.2881281783696497,1.195993336116092
2017-03-06,1.2193503452984027,1.2311436809336187,1.272489693239774,1.2013520676769442,1.2193503452984027,1.2311436809336187,1.3083105995173154,1.2027288701490366
2017-03-07,1.218973865924967,1.2311265219817775,1.2661553156891014,1.2010434414158029,1.218973865924967,1.2311265219817775,1.30331036300877,1.2023730441535236
2017-03-08,1.2158356858705892,1.2275056053941036,1.2636826078524357,1.1977822400656857,1.2158356858705892,1.2275056053941036,1.3067524706566271,1.1995552148297874
2017-03-09,1.2118661190524405,1.2265595814680943,1.2555264966619077,1.193319808570702,1.2118661190524405,1.2265595814680943,1.2970706851841787,1.1952172838514958
2017-03-10,1.2102176794871338,1.2275632432160628,1.2633763568160683,1.1921879230808694,1.2102176794871338,1.2275632432160628,1.309929499148066,1.194491752698008
2017-03-14,1.2317857182638026,1.2464037277324405,1.2886900472576184,1.2126803022134984,1.2317857182638026,1.2464037277324405,1.3173431327258496,1.2148444807017413
2017-03-15,1.2329915300012475,1.2446064207232377,1.2804044290645662,1.2128011140322867,1.2329915300012475,1.2446064207232377,1.2962731370424534,1.2147381710313727
2017-03-16,1.247715732663663,1.2517883865616928,1.2698142100145786,1.2258355800264917,1.247715732663663,1.2517883865616928,1.297271195033546,1.2275487468331518
2017-03-17,1.2453175932667777,1.2516666511150052,1.238067146638589,1.2241589527570347,1.2453175932667777,1.2516666511150052,1.2946504575987263,1.2255862553865544
2017-03-20,1.2451223731722116,1.2429639994260133,1.2364290019787891,1.2233505486079455,1.2451223731722116,1.2429639994260133,1.2942727491659607,1.2252242436211513
2017-03-21,1.2386360467042228,1.2385526570474783,1.229371651847283,1.2207106037086346,1.2386360467042228,1.2385526570474783,1.2414842246576758,1.217550464407228
2017-03-22,1.2274135595172482,1.2291341154881124,1.2225770833289917,1.2109343735410139,1.2274135595172482,1.2291341154881124,1.235379532729624,1.2077507481328924
2017-03-23,1.236439695202044,1.2356221714358238,1.223590721264961,1.2191421874629993,1.236439695202044,1.2356221714358238,1.2405078656401547,1.2159750459384522
2017-03-24,1.236628813748127,1.2386164444853816,1.22304378706744,1.219366453316611,1.236628813748127,1.2386164444853816,1.2401522256500759,1.216220391701197
2017-03-27,1.2264479065658105,1.2245639982961056,1.2170664150821393,1.209855031621294,1.2264479065658105,1.2245639982961056,1.2349573958585003,1.2067143687949096
2017-03-28,1.2325422237534098,1.2293576526214531,1.2048089445748857,1.2155556605882962,1.2325422237534098,1.2293576526214531,1.222344890997758,1.212443158107403
2017-03-29,1.2351609080346277,1.2366176838247247,1.2171263154651029,1.218658157181522,1.2351609080346277,1.2366176838247247,1.2336997070818307,1.2155614838387037
2017-03-30,1.2390878009291262,1.2436068928109236,1.221630576167324,1.2227252194858698,1.2390878009291262,1.2436068928109236,1.2364463731714477,1.2196926700168829
2017-03-31,1.2432679945007399,1.2530038956041443,1.2230952516169835,1.2257915332012288,1.2432679945007399,1.2530038956041443,1.2386957079716674,1.2227682269678948
2017-04-03,1.2478893772938915,1.2658627440718293,1.2169145674982376,1.229725686232851,1.2478893772938915,1.2658627440718293,1.2295274390193376,1.2265819533139264
2017-04-05,1.2567222750431648,1.2781641371247792,1.2384062042204915,1.236699855805409,1.2567222750431648,1.2781641371247792,1.2451282380319364,1.233516816877195
2017-04-06,1.2582290889666046,1.2824352408101956,1.2383936681099978,1.2380102816960437,1.2582290889666046,1.2824352408101956,1.2461195829907499,1.234865255956193
2017-04-07,1.2521639590176208,1.2721511289916976,1.2234419911546115,1.231968355610024,1.2521639590176208,1.2721511289916976,1.2307223861840841,1.2289301048546566
2017-04-10,1.2576581748956783,1.2661560524012612,1.2200797805724999,1.2344941511271212,1.2576581748956783,1.2661560524012612,1.226137207889119,1.2313987858893862
2017-04-11,1.2612908575570974,1.2697710594082945,1.2219467601829388,1.2383978100513224,1.2612908575570974,1.2697710594082945,1.2333396295926131,1.2352862183717652
2017-04-12,1.2555571029122359,1.2614823105474486,1.2014726863956022,1.2340744061928859,1.2555571029122359,1.2614823105474486,1.2151836554296633,1.2310402658789543
2017-04-13,1.2478608019217377,1.2536813793768857,1.1936026391883428,1.2264630564722274,1.2478608019217377,1.2536813793768857,1.2092998606595076,1.2235223636696562
2017-04-17,1.2443952720812774,1.255293765292162,1.1916427894653114,1.2223817727158737,1.2443952720812774,1.255293765292162,1.2063235131860277,1.219394400502127
2017-04-18,1.2410931542042618,1.2489953260662867,1.193683025129165,1.2180040408353365,1.2410931542042618,1.2489953260662867,1.210537578084771,1.2150505384809867
2017-04-19,1.243293385581075,1.2477079502570125,1.1874521344781868,1.2199150459968913,1.243293385581075,1.2477079502570125,1.2218235008154743,1.2168493079274072
2017-04-20,1.2487909523134855,1.252506505394481,1.1944954980964566,1.2249968667205777,1.2487909523134855,1.252506505394481,1.2306475453425123,1.2221492675511252
2017-04-21,1.244570035935733,1.2563537059055252,1.192009645837533,1.221037679168052,1.244570035935733,1.2563537059055252,1.2265560237200768,1.2183455240267065
2017-04-24,1.256357000165555,1.268969279076505,1.1977833057043341,1.2314457333598399,1.256357000165555,1.268969279076505,1.2309317077993993,1.2290777833512312
2017-04-25,1.2711399332752382,1.2806139602559699,1.2125727707316665,1.245476959623799,1.2711399332752382,1.2806139602559699,1.2438942709761664,1.2429866275349937
2017-04-26,1.2679026957599728,1.2782570373320914,1.2064792411693654,1.2468021321380456,1.2679026957599728,1.2782570373320914,1.2505992769392607,1.2435724549480978
2017-04-27,1.2644856948369005,1.2764592535711348,1.20396746836725,1.2459830486332455,1.2644856948369005,1.2764592535711348,1.2528108844386872,1.2427195637175161
2017-04-28,1.2635411037637172,1.2700399935370434,1.207151649341692,1.2458547707362109,1.2635411037637172,1.2700399935370434,1.262505543810286,1.2424713211161693
2017-05-02,1.26472012169302,1.2651117685621,1.2172559703370764,1.2466931971172943,1.26472012169302,1.2651117685621,1.2845831267871746,1.2434145947010407
2017-05-03,1.2661960862894852,1.2690641369006113,1.225798162799227,1.2495770646521895,1.2661960862894852,1.2690641369006113,1.2854309305280598,1.2459453255285136
2017-05-04,1.2733828703008412,1.2746934156534622,1.2165158142047559,1.2551198269861683,1.2733828703008412,1.2746934156534622,1.2781010062844083,1.252261790482292
2017-05-05,1.2640487323491112,1.263105186018365,1.1974439915841575,1.246468822483937,1.2640487323491112,1.263105186018365,1.26490829749647,1.2438143739581262
2017-05-08,1.2690013675036842,1.2672661247624832,1.197351029989424,1.2518978057035643,1.2690013675036842,1.2672661247624832,1.2640515879162724,1.2489821078413277
2017-05-09,1.2717563448409068,1.270098791230577,1.1946666946482947,1.2541051403497998,1.2717563448409068,1.270098791230577,1.2657660276523313,1.2512540555210572
2017-05-10,1.2873996828860457,1.2857893887999945,1.2284229597252885,1.2686627003169486,1.2873996828860457,1.2857893887999945,1.3022316774638538,1.2658594827968002
2017-05-11,1.292468724875971,1.2876803875428795,1.2322865674364196,1.2730632868053275,1.292468724875971,1.2876803875428795,1.2955465240151418,1.270435849770187
2017-05-12,1.2897461673088189,1.2860570871352965,1.2370088454649768,1.271542026691271,1.2897461673088189,1.2860570871352965,1.295575824869441,1.2688778970153178
2017-05-15,1.2972886165327284,1.2886882797465102,1.2435783985765894,1.2781825707504875,1.2972886165327284,1.2886882797465102,1.310929340895583,1.275433917676232
2017-05-16,1.3033011300804909,1.3004770908493244,1.2574857760550797,1.2841427406729335,1.3033011300804909,1.3004770908493244,1.3175665370107406,1.2815387105514813
2017-05-17,1.3033262684893157,1.3025442418021016,1.2598331897529815,1.284236351568692,1.3033262684893157,1.3025442418021016,1.3042152282548332,1.28175583810244
2017-05-18,1.2847127197416162,1.292672269173826,1.2439504245071862,1.267370690913996,1.2847127197416162,1.292672269173826,1.301075506519533,1.2649217935648092
2017-05-19,1.2816148711213924,1.290008584039169,1.2360246745654075,1.2641441467464125,1.2816148711213924,1.290008584039169,1.2943014298526843,1.2621843112737112
2017-05-22,1.2748608263404284,1.2913098281540822,1.2320689003079657,1.2580960188477122,1.2748608263404284,1.2913098281540822,1.2968545242578386,1.2566239920526887
2017-05-23,1.2643624668897127,1.2823596801981976,1.2010689101878869,1.248500705105894,1.2643624668897127,1.2823596801981976,1.3042546422480603,1.247755719930409
2017-05-24,1.2542360506845205,1.2775372139689138,1.1796916917799434,1.2383758780050202,1.2542360506845205,1.2775372139689138,1.3043281333612757,1.238007608283077
2017-05-25,1.2674168126019436,1.2958868965283084,1.1953015794746509,1.251474306583224,1.2674168126019436,1.2958868965283084,1.3169726650561413,1.2518000924390136
2017-05-26,1.2794866047093423,1.3089417787332533,1.1885322483398453,1.2610762769903006,1.2794866047093423,1.3089417787332533,1.3191242682611366,1.2622920283852688
2017-05-29,1.2735793156756676,1.3105945920262971,1.2067769529118844,1.2574404917534399,1.2735793156756676,1.3105945920262971,1.3254778343534313,1.2578835509652695
2017-05-30,1.2831463782535117,1.31484758662906,1.213365605784072,1.2647073685625287,1.2831463782535117,1.31484758662906,1.3265552045404032,1.265325946899692
2017-05-31,1.2867465937136588,1.3112325576142185,1.2067797308057495,1.2691730971552841,1.2867465937136588,1.3112325576142185,1.340614732067218,1.269533276635096
2017-06-01,1.2910801365211766,1.310569575290405,1.2061019894963874,1.2734725705044274,1.2910801365211766,1.310569575290405,1.334852621523811,1.2736946575648316
2017-06-02,1.2990360683681097,1.3135267456478714,1.2238118320959952,1.2814091698787662,1.2990360683681097,1.3135267456478714,1.331483541477983,1.2807410072265712
2017-06-05,1.3065176262853062,1.3206065207385518,1.2363168681983645,1.2874898212795507,1.3065176262853062,1.3206065207385518,1.3573226510113496,1.2869246765824944
2017-06-06,1.303354300408745,1.3205109390792444,1.2374174885583589,1.2835369855100518,1.303354300408745,1.3205109390792444,1.3467371985651009,1.2832060727238659
2017-06-07,1.3091964927752893,1.3254706973094257,1.2401704123289472,1.2878629044141918,1.3091964927752893,1.3254706973094257,1.3464145854309175,1.28774937508494
2017-06-08,1.3081891714704026,1.316389099644185,1.2472758649246884,1.2869970439481406,1.3081891714704026,1.316389099644185,1.3399074557546284,1.2862541217964907
2017-06-09,1.309186091406236,1.3177679456811766,1.2511974197752294,1.2873170448963551,1.309186091406236,1.3177679456811766,1.3447568958537501,1.287044710518564
2017-06-12,1.3010286006260037,1.309029531105292,1.242772094953704,1.2799489091810434,1.3010286006260037,1.309029531105292,1.3357613738061733,1.2793857983590584
2017-06-13,1.3013291336695203,1.3070821778118193,1.2330506984577063,1.2796207845826433,1.3013291336695203,1.3070821778118193,1.337710120250134,1.2792972919757917
2017-06-14,1.3016600269774852,1.3184755477285133,1.2244710144624398,1.279305567369718,1.3016600269774852,1.3184755477285133,1.3340962738234694,1.2796893943249192
2017-06-15,1.298175452975477,1.3178159971474854,1.2345852514201912,1.2753870848792321,1.298175452975477,1.3178159971474854,1.3393769122136197,1.2755354494759183
2017-06-16,1.297115336859045,1.3174571932925296,1.2234428838288818,1.2745597372637552,1.297115336859045,1.3174571932925296,1.3406926485035944,1.2748115136313958
2017-06-19,1.3033233143563732,1.328531812575085,1.2336705913099428,1.2798150166138662,1.3033233143563732,1.328531812575085,1.3469237881760379,1.2802827761903517
2017-06-20,1.3041182229311479,1.3308473384830934,1.2326197076012273,1.2798186649264687,1.3041182229311479,1.3308473384830934,1.3457764314376621,1.280286425836376
2017-06-21,1.3015483882428573,1.3319583624398192,1.2354574849464175,1.2776911268695184,1.3015483882428573,1.3319583624398192,1.348874721887891,1.2781581101855644
2017-06-22,1.2978738727652495,1.3314597605192924,1.24386764074712,1.2743843281066387,1.2978738727652495,1.3314597605192924,1.358056945238295,1.2748501028208408
2017-06-23,1.2872129872274412,1.324955569144163,1.2371625293871549,1.264614169114326,1.2872129872274412,1.324955569144163,1.3507362924994493,1.2650763729332244
2017-06-27,1.2805081231945348,1.3169315618141166,1.234420987020323,1.2566875940639017,1.2805081231945348,1.3169315618141166,1.3477430715730614,1.2571469007989713
2017-06-28,1.284339407165276,1.3104657554731876,1.2347366074472146,1.2595559813714015,1.284339407165276,1.3104657554731876,1.3480876665273458,1.2600163364733168
2017-06-29,1.2877303904730242,1.3107634686623584,1.2280345525946987,1.2623216114641878,1.2877303904730242,1.3107634686623584,1.3407703508888744,1.2627829773762156
2017-06-30,1.2931493824082911,1.3117779034015566,1.246293796836579,1.2668105450356073,1.2931493824082911,1.3117779034015566,1.3607058268552672,1.2672735516079174
2017-07-03,1.3055914566285673,1.320783303787979,1.2541976750259913,1.2775603728362015,1.3055914566285673,1.320783303787979,1.369335295391808,1.2780273083629574
2017-07-04,1.3028548973805107,1.3273859048887657,1.2609639928379033,1.2755782649478948,1.3028548973805107,1.3273859048887657,1.3767227734458536,1.2760444760340601
2017-07-05,1.3096519119106,1.3331713100078073,1.2606979232202138,1.2821511511469468,1.3096519119106,1.3331713100078073,1.376432278154889,1.2826197645572173
2017-07-06,1.3101845036969766,1.3349017710969349,1.263712157278811,1.2828662215158093,1.3101845036969766,1.3349017710969349,1.3797232243647228,1.2833350962771413
2017-07-07,1.3105166378280375,1.3427107595720873,1.2592865009136307,1.2825241825971474,1.3105166378280375,1.3427107595720873,1.3748912847217225,1.2829929323466789
2017-07-10,1.3279219660830983,1.3608129310633659,1.2586150877700566,1.2987068956928278,1.3279219660830983,1.3608129310633659,1.3741582346343293,1.2991815600619925
2017-07-11,1.3278187746234122,1.3637126357044993,1.2604289694958395,1.299311166420836,1.3278187746234122,1.3637126357044993,1.376138633991017,1.2997860516449025
2017-07-12,1.3349796748812839,1.3695254223053241,1.267410464192876,1.3051201122656542,1.3349796748812839,1.3695254223053241,1.3837610425583466,1.3055971206012742
2017-07-13,1.3439693268438264,1.3815477104841392,1.2719918949074378,1.3129739563606724,1.3439693268438264,1.3815477104841392,1.3887630569184128,1.3134538351976852
2017-07-14,1.3444438854479133,1.381478126261342,1.2686582803142104,1.313390375954806,1.3444438854479133,1.381478126261342,1.3851234104618486,1.3138704069890117
2017-07-17,1.3529202799118174,1.3905076044502491,1.270829743122309,1.3217255545907027,1.3529202799118174,1.3905076044502491,1.3874942174924856,1.3222086320492574
2017-07-18,1.3499766151661878,1.3812727106609382,1.256788325156075,1.3199888940702755,1.3499766151661878,1.3812727106609382,1.3721637719005542,1.3204713367967955
2017-07-19,1.364311813198879,1.393878620779994,1.2706758525388084,1.332668052260053,1.364311813198879,1.393878620779994,1.3873261994744237,1.3331551290919617
2017-07-20,1.3611949075487426,1.3914994875558568,1.2637126646997283,1.3293657455281638,1.3611949075487426,1.3914994875558568,1.378212192157517,1.3300129644888556
2017-07-21,1.3678057388417975,1.4093964627696718,1.2804303672622257,1.3360352106289535,1.3678057388417975,1.4093964627696718,1.3786186877887747,1.3370229442342465
2017-07-24,1.3692056218234199,1.4226335410747701,1.2881294110868948,1.3382230212100872,1.3692056218234199,1.4226335410747701,1.3826094736420138,1.3396954962977354
2017-07-25,1.3694549857900196,1.423053842389485,1.269687844971287,1.3382336994238084,1.3694549857900196,1.423053842389485,1.370186843281897,1.3396984238639167
2017-07-26,1.3767942957803192,1.4308020919518845,1.283651607162981,1.3448404941072067,1.3767942957803192,1.4308020919518845,1.3942350541552417,1.3461943737804112
2017-07-27,1.3686703288067692,1.4177539677412172,1.2869114214882065,1.3392536706042957,1.3686703288067692,1.4177539677412172,1.4030892532538264,1.340472211566935
2017-07-28,1.3641478376873184,1.414863853899053,1.2751449295533002,1.3347481138185049,1.3641478376873184,1.414863853899053,1.4029978632929527,1.3360956674905442
2017-07-31,1.3730783990386173,1.4274753964337425,1.2731383956382902,1.3438277751427352,1.3730783990386173,1.4274753964337425,1.4058927594578297,1.3447652516874768
2017-08-01,1.3830907901395892,1.4294225103383833,1.286964826020552,1.3528123443805373,1.3830907901395892,1.4294225103383833,1.4154153942502863,1.3537735481497348
2017-08-02,1.380798990861288,1.4295070043216642,1.29335290295142,1.3503997964008807,1.380798990861288,1.4295070043216642,1.4172714359396554,1.3510058864982137
2017-08-03,1.3750867088455825,1.428689300183685,1.2816909178930294,1.3447860588856502,1.3750867088455825,1.428689300183685,1.408744020766124,1.3453094634796239
2017-08-04,1.3899010375057932,1.43307819784558,1.2900675062336817,1.3583803473902185,1.3899010375057932,1.43307819784558,1.4243647980184087,1.358813938978869
2017-08-07,1.3956468414907017,1.4322574224140399,1.288537622713058,1.362442567492891,1.3956468414907017,1.4322574224140399,1.439530283779106,1.3627125397054438
2017-08-08,1.3836839124067062,1.4218267634374675,1.2732374487474516,1.350812966418372,1.3836839124067062,1.4218267634374675,1.4158374323723135,1.3511740079483272
2017-08-09,1.3641828292840585,1.4125124643253435,1.2624036416449673,1.335334530385902,1.3641828292840585,1.4125124643253435,1.4003127029034594,1.336174089719884
2017-08-10,1.3468073984231266,1.4021606905515733,1.2593842865709304,1.3206929646912862,1.3468073984231266,1.4021606905515733,1.3838747781388259,1.3216806749505312
2017-08-11,1.3369583447296893,1.3860143719708735,1.2493110823164755,1.3109362522665633,1.3369583447296893,1.3860143719708735,1.3585066866089164,1.312057680253917
2017-08-14,1.3582516548832848,1.3974796362628545,1.2588542108235372,1.3290159013898586,1.3582516548832848,1.3974796362628545,1.3775630717653475,1.329985027037849
2017-08-16,1.371991159918786,1.406541423913611,1.2672488744355659,1.3409968189773556,1.371991159918786,1.406541423913611,1.3890916319140103,1.342485697159328
2017-08-17,1.3677757550452572,1.4067269934490485,1.2640186752200575,1.3379399897642956,1.3677757550452572,1.4067269934490485,1.3846567594330803,1.3395258812179447
2017-08-18,1.3631659975433918,1.4015913162073046,1.2617618728827167,1.332519626408702,1.3631659975433918,1.4015913162073046,1.3875615145227236,1.3348184159195648
2017-08-21,1.349122681292182,1.3893380793761456,1.2571203728388172,1.3202232576192652,1.349122681292182,1.3893380793761456,1.3829659918805344,1.3218674370730272
2017-08-22,1.3500168753138428,1.3880571349475344,1.2544072466425715,1.320445376653395,1.3500168753138428,1.3880571349475344,1.377346420442343,1.3223239436263834
2017-08-23,1.3629144181216686,1.4016342795398897,1.2596590684161921,1.3323125002151106,1.3629144181216686,1.4016342795398897,1.3821464642037282,1.334037248321183
2017-08-24,1.367892161846402,1.4014877836481487,1.2430292909535887,1.3354024643638314,1.367892161846402,1.4014877836481487,1.3820010208949687,1.3374090529295202
2017-08-28,1.3808859821821837,1.4100141065386926,1.2443469831142868,1.3473271499875412,1.3808859821821837,1.4100141065386926,1.3983836770699367,1.3481746594423665
2017-08-29,1.3660649030535923,1.3918757110547944,1.2272219523089842,1.3333123624814793,1.3660649030535923,1.3918757110547944,1.3789372767383548,1.3336175490639939
2017-08-30,1.3814454576141075,1.4068354811256802,1.2319577352585502,1.3463982683694211,1.3814454576141075,1.4068354811256802,1.3847118682728572,1.346095089588345
2017-08-31,1.3865850091308416,1.416027530475259,1.2377624893944263,1.352055139991441,1.3865850091308416,1.416027530475259,1.401539293766469,1.3510744744206407
2017-09-01,1.3971245113232837,1.420914538583502,1.2468354252342053,1.3617480446141632,1.3971245113232837,1.420914538583502,1.394672517966227,1.3609126924361359
2017-09-04,1.3879969452948469,1.4139020033271499,1.2509410947086361,1.3527185826752395,1.3879969452948469,1.4139020033271499,1.4032199581528875,1.3528230086916742
2017-09-05,1.3970418509547304,1.4226797230299768,1.2616387638216466,1.3609417144656784,1.3970418509547304,1.4226797230299768,1.4082053209750514,1.360992284347295
2017-09-06,1.394438698758418,1.420270514207526,1.2647094757279969,1.3586562322208493,1.394438698758418,1.420270514207526,1.3957340273630827,1.3592897787703897
2017-09-07,1.401531772329256,1.4216038547664167,1.2744003769851968,1.3661469208613974,1.401531772329256,1.4216038547664167,1.408906328294408,1.3663320748232946
2017-09-08,1.3975632935750752,1.4214930792723024,1.2708376243862225,1.3636760876163425,1.3975632935750752,1.4214930792723024,1.4036767943959692,1.3630368873733496
2017-09-11,1.4089570389005213,1.4278658892396507,1.282604927778678,1.3760833742307432,1.4089570389005213,1.4278658892396507,1.4195171739183192,1.3746732902054284
2017-09-12,1.4226374761024974,1.4409659270769373,1.2795936637325422,1.3871877114561109,1.4226374761024974,1.4409659270769373,1.4361530860028784,1.3849174304745302
2017-09-13,1.4170802651075618,1.4488015867670607,1.2897174469585722,1.382014662424455,1.4170802651075618,1.4488015867670607,1.433564702285127,1.3794454674260976
2017-09-14,1.4214063371932795,1.4487203503951802,1.2916568630307572,1.38349769375319,1.4214063371932795,1.4487203503951802,1.435750761073461,1.381064049032206
2017-09-15,1.4235636735750912,1.4504130313674468,1.3038587372552963,1.386642364210235,1.4235636735750912,1.4504130313674468,1.4365580095723343,1.3839286791001415
2017-09-18,1.4312506628675377,1.457386579170596,1.3209374948386292,1.3956426916312878,1.4312506628675377,1.457386579170596,1.4525665107330705,1.3931413867801357
2017-09-19,1.4306376824249514,1.4536089519157183,1.3154846253333892,1.3943361890100834,1.4306376824249514,1.4536089519157183,1.4481835588424643,1.3917770776989489
2017-09-20,1.429055154252753,1.454743717130943,1.3120841851573677,1.3911526792471112,1.429055154252753,1.454743717130943,1.4420943044953918,1.3885708829902963
2017-09-21,1.4287080950253683,1.4516873861787996,1.3174747201510384,1.3890201262206727,1.4287080950253683,1.4516873861787996,1.4474030144564471,1.386483284288153
2017-09-22,1.4029573570254292,1.4259445689371237,1.3146863856167776,1.366218493631121,1.4029573570254292,1.4259445689371237,1.4456671259774012,1.3637736376180016
2017-09-25,1.38488054338453,1.4178563968674698,1.3044712128114722,1.3503307673006955,1.38488054338453,1.4178563968674698,1.4368247861070782,1.3479727790136173
2017-09-26,1.3872805569614042,1.4152568003569386,1.3019383688340302,1.351036347540592,1.3872805569614042,1.4152568003569386,1.4295364123678123,1.3485947205378748
2017-09-27,1.3654527075491045,1.3951771458730484,1.2993363372868352,1.3323608082282445,1.3654527075491045,1.3951771458730484,1.4314788867223365,1.329942762404296
2017-09-28,1.3713134808526457,1.3925335887609493,1.309771998013192,1.3374807916919507,1.3713134808526457,1.3925335887609493,1.4432616815402577,1.335083335975012
2017-09-29,1.3792267977444235,1.3904595752603772,1.3066734787199732,1.3447190955861585,1.3792267977444235,1.3904595752603772,1.4403701638904014,1.3423127215839492
2017-10-03,1.3880356587196472,1.4022138164513263,1.3072772566172426,1.3532085738066673,1.3880356587196472,1.4022138164513263,1.44079821226769,1.3508153212740346
2017-10-04,1.3927392382232393,1.4115563209156845,1.3066785683463444,1.356802389567431,1.3927392382232393,1.4115563209156845,1.440388419589693,1.3544494716699635
2017-10-05,1.3924726183860776,1.4114268396093697,1.3106401126592397,1.3554940086982628,1.3924726183860776,1.4114268396093697,1.4432944956733635,1.3531183755686682
2017-10-06,1.406894148505147,1.4274744150550658,1.3149655597100132,1.3683005442897616,1.406894148505147,1.4274744150550658,1.445184295148215,1.3658700251980977
2017-10-09,1.40784645796758,1.4267168757094535,1.3086710206079928,1.3689121610863892,1.40784645796758,1.4267168757094535,1.4408371186430584,1.3665320276036224
2017-10-10,1.414594649564855,1.4350167373394525,1.3195942084619552,1.3751982066114523,1.414594649564855,1.4350167373394525,1.4539100849268465,1.3727879969534114
2017-10-11,1.4102206312415162,1.434186581598857,1.3212901452923467,1.3720302983924424,1.4102206312415162,1.434186581598857,1.4577806588458275,1.369636465017144
2017-10-12,1.424926621720104,1.4579440712221425,1.338198372077641,1.386144827068107,1.424926621720104,1.4579440712221425,1.4750628124592222,1.3837367284735154
2017-10-13,1.431797911173343,1.4684622007316737,1.3559311558415021,1.3946069822249738,1.431797911173343,1.4684622007316737,1.4945547359140425,1.3921351816026275
2017-10-16,1.438868047968231,1.4768212365484483,1.3601338881519895,1.4016067782167565,1.438868047968231,1.4768212365484483,1.5038375867858895,1.3991856277509935
2017-10-17,1.4428421233773128,1.4774910704396162,1.3702013153350276,1.4055488550142734,1.4428421233773128,1.4774910704396162,1.5159319691661555,1.403160841700304
2017-10-18,1.4362166561177774,1.4848600798786664,1.378915747006673,1.3992800132168564,1.4362166561177774,1.4848600798786664,1.5200963906295097,1.396899171617127
2017-10-19,1.428064856669494,1.4775586263670681,1.3656123663031194,1.3905908631149484,1.428064856669494,1.4775586263670681,1.5093859162665988,1.388241982086558
2017-10-23,1.4357840188161917,1.4951200746911684,1.38174659082015,1.3986801457668485,1.4357840188161917,1.4951200746911684,1.5177603144822398,1.3964700365671103
2017-10-24,1.4394198781886902,1.4968215590143008,1.3875397511777487,1.4023047398131785,1.4394198781886902,1.4968215590143008,1.5157669145765762,1.4002795951538742
2017-10-25,1.4499633666974787,1.5151565173958825,1.4141719568948592,1.4134110725039934,1.4499633666974787,1.5151565173958825,1.482411848266924,1.4114600361955418
2017-10-26,1.4563677657306229,1.5182931185999813,1.3880175733198217,1.4174385198078765,1.4563677657306229,1.5182931185999813,1.4846993146255367,1.41598290024835
2017-10-27,1.4619383433038975,1.513659422994647,1.3845464203474824,1.4212117051410393,1.4619383433038975,1.513659422994647,1.486224909155232,1.4195405234684586
2017-10-30,1.4689919464294805,1.5225738848476313,1.4020856870356708,1.4266413506073767,1.4689919464294805,1.5225738848476313,1.5102392319524391,1.4253529125078037
2017-10-31,1.468289484804224,1.5223083895600678,1.4002046399016295,1.4258568899265223,1.468289484804224,1.5223083895600678,1.5066232288444459,1.4244409247892018
2017-11-01,1.4775730589434726,1.5379273150268047,1.400614526612505,1.433743390753395,1.4775730589434726,1.5379273150268047,1.5056890211438183,1.4330817078275573
2017-11-02,1.4829004775096444,1.537749365798356,1.4088708092690947,1.4354878737576595,1.4829004775096444,1.537749365798356,1.502831640919772,1.4353365466166474
2017-11-03,1.4849273625803043,1.5400775554460318,1.4108919039131202,1.437001806269046,1.4849273625803043,1.5400775554460318,1.498465380423698,1.4367015565256516
2017-11-06,1.4940577808756412,1.5423146450851635,1.420596032669246,1.4442077365405923,1.4940577808756412,1.5423146450851635,1.504664656398751,1.4435638766340104
2017-11-07,1.4775890888981584,1.5280176895087283,1.417994487792653,1.4316223024789345,1.4775890888981584,1.5280176895087283,1.4926982026702034,1.429784024268458
2017-11-08,1.4782061161971896,1.520130609065433,1.413672572657672,1.432802218609561,1.4782061161971896,1.520130609065433,1.4940730715701322,1.4306921714701688
2017-11-09,1.4833936181828133,1.5290668606577484,1.4195137567791907,1.4363461166265803,1.4833936181828133,1.5290668606577484,1.4935112416148282,1.4351141678933328
2017-11-10,1.489286837461844,1.5291269337788076,1.4284242903056361,1.442728212929794,1.489286837461844,1.5291269337788076,1.4885257573767485,1.4417749861462852
2017-11-13,1.4750064344653602,1.519430731621164,1.437902042029268,1.4303941409611531,1.4750064344653602,1.519430731621164,1.4953524385748596,1.4293058669619574
2017-11-14,1.4740206548701882,1.519322316195096,1.4203360219152006,1.427523494938952,1.4740206548701882,1.519322316195096,1.485152601319343,1.426882363871145
2017-11-15,1.460791887226052,1.5102009945342447,1.405535341074093,1.4163204670496736,1.460791887226052,1.5102009945342447,1.4743827860063141,1.4158648847819515
2017-11-16,1.4677587061376662,1.5293005892351013,1.4214380546814038,1.4229660987501378,1.4677587061376662,1.5293005892351013,1.4853813805752665,1.4224681453623915
2017-11-17,1.4806420001598004,1.5363956976428268,1.4108974058682502,1.4323369576453873,1.4806420001598004,1.5363956976428268,1.4778946870909129,1.4323897750596761
2017-11-20,1.4857531772951134,1.5399986660697311,1.3939588196596366,1.4362358765315102,1.4857531772951134,1.5399986660697311,1.4709835777355948,1.4361703007905098
2017-11-21,1.4943342451461885,1.5464142833827994,1.4036998058187455,1.4434942184970085,1.4943342451461885,1.5464142833827994,1.4976304428804261,1.443878882205186
2017-11-22,1.4943942616707508,1.5466765855027813,1.388927574021906,1.4440445318573822,1.4943942616707508,1.5466765855027813,1.4899776738520485,1.4445085259412367
2017-11-23,1.4927274174107574,1.552718494610187,1.408485936280921,1.4430150227226841,1.4927274174107574,1.552718494610187,1.4934047656836396,1.4429933542637619
2017-11-24,1.4971969471305664,1.5583859871508519,1.4079024233512982,1.4470864249775368,1.4971969471305664,1.5583859871508519,1.5000264810251898,1.446816071337163
2017-11-27,1.4974372799650408,1.558922448366848,1.4117353821638592,1.4478581518631366,1.4974372799650408,1.558922448366848,1.5168865598178023,1.4480905491920617
2017-11-28,1.4936648154210677,1.55223428817823,1.4173380866384717,1.4451741134311893,1.4936648154210677,1.55223428817823,1.5045153835592096,1.4451673654499415
2017-11-29,1.4924197741448264,1.551618160742122,1.415868520504029,1.4447090893471244,1.4924197741448264,1.551618160742122,1.4967481146086172,1.4445102247361628
2017-11-30,1.4780458077270382,1.5303671226454354,1.409735068249207,1.430807654022634,1.4780458077270382,1.5303671226454354,1.4790407499062175,1.4300014145406081
2017-12-01,1.4618267529414493,1.5144847794770335,1.4087315266973492,1.4167700334673607,1.4618267529414493,1.5144847794770335,1.489292656742496,1.415786176847269
2017-12-04,1.4589359372101156,1.512394063929321,1.3996744100214544,1.4139775306824054,1.4589359372101156,1.512394063929321,1.4745373435948337,1.4128095049793028
2017-12-05,1.4533644463859712,1.5148260883529987,1.3882920151463076,1.4069342375271536,1.4533644463859712,1.5148260883529987,1.4686476242067752,1.4068745590017477
2017-12-06,1.440311654839918,1.5118958036159489,1.401957607899086,1.3965371928046275,1.440311654839918,1.5118958036159489,1.4676693594843244,1.3960053903918472
2017-12-07,1.4647269375576384,1.528022896815009,1.4294662411822041,1.4190076507253142,1.4647269375576384,1.528022896815009,1.5012854826934816,1.419522660340021
2017-12-08,1.478880149694955,1.5346887058549512,1.440227189113393,1.431560666416956,1.478880149694955,1.5346887058549512,1.5101521270315486,1.4319111956110846
2017-12-11,1.4871462853937825,1.5421806263522155,1.4648135659145611,1.4396288357063087,1.4871462853937825,1.5421806263522155,1.5210886453646526,1.4394883670911796
2017-12-12,1.4770077627673655,1.5315565632610817,1.4461266404217983,1.4287984872852744,1.4770077627673655,1.5315565632610817,1.504685262117292,1.429242699417604
2017-12-13,1.4680119178175666,1.526422092396878,1.4381135805245455,1.4219559706874876,1.4680119178175666,1.526422092396878,1.5083545249609775,1.4219202193771847
2017-12-14,1.475927728545895,1.5308525666568333,1.4413452478516076,1.4286668426803504,1.475927728545895,1.5308525666568333,1.5062973692802737,1.4286723831177734
2017-12-15,1.4875136476284858,1.5371901881892227,1.4384701002834857,1.4394803399120364,1.4875136476284858,1.5371901881892227,1.5236765157671963,1.4399665387074791
2017-12-18,1.4983020203626902,1.5470409706076174,1.4388809290710791,1.448720373776392,1.4983020203626902,1.5470409706076174,1.5335840566650627,1.449638603713251
2017-12-19,1.5135394588281124,1.5556758712439727,1.467355632552238,1.4636877528061947,1.5135394588281124,1.5556758712439727,1.5572611281816815,1.4638914251808468
2017-12-20,1.5127017973943904,1.5535961412897688,1.465527788482532,1.4628812562554727,1.5127017973943904,1.5535961412897688,1.5396954189814043,1.463362666677154
2017-12-21,1.5144573158593022,1.5522598269486418,1.4510129296183878,1.4641878190243176,1.5144573158593022,1.5522598269486418,1.5083018996439037,1.4644884385074162
2017-12-22,1.5204189932190262,1.564035392514366,1.4604723876190313,1.469911930027961,1.5204189932190262,1.564035392514366,1.5154158601773502,1.4703051592311214
2017-12-26,1.5260662798450673,1.5698700220488446,1.4583121562358285,1.4745208103738117,1.5260662798450673,1.5698700220488446,1.5091092816784657,1.47478928021993
2017-12-27,1.5247357605600163,1.5625026623860934,1.4582543194644195,1.4721243488961118,1.5247357605600163,1.5625026623860934,1.4948161144572374,1.472276309101962
2017-12-28,1.5228380735136522,1.5622776849019686,1.4431416236240813,1.470206776113953,1.5228380735136522,1.5622776849019686,1.4757983126590515,1.470390132358151
2017-12-29,1.5318793323734092,1.5713637631639323,1.4637923934480415,1.4799793263513303,1.5318793323734092,1.5713637631639323,1.4968937730283811,1.480318018918844
2018-01-01,1.5203143027371535,1.555060952966334,1.4575471130636373,1.4687628877701127,1.5203143027371535,1.555060952966334,1.483170642420082,1.4690740916305385
2018-01-02,1.5175769237983776,1.552706181843049,1.4568068320497238,1.4674581906249646,1.5175769237983776,1.552706181843049,1.476613217711216,1.4677358712459732
2018-01-03,1.5205243930616512,1.5552375093278812,1.4320483582443126,1.4674884966855637,1.5205243930616512,1.5552375093278812,1.4481306333775021,1.4677585517997356
2018-01-04,1.534885898105615,1.566125022156902,1.4267273263847593,1.4790951743100627,1.534885898105615,1.566125022156902,1.4352875832825003,1.479092106037681
2018-01-05,1.5484409042993676,1.5753111136543778,1.434405116881451,1.4908234889753036,1.5484409042993676,1.5753111136543778,1.4490539931404238,1.4906836106322727
2018-01-08,1.5571415905000563,1.5837754562509707,1.4411634267871754,1.4997383381600473,1.5571415905000563,1.5837754562509707,1.4514103766941064,1.4995545674475468
2018-01-09,1.5551702802299556,1.5873134686963541,1.4419914335221338,1.4989239405608243,1.5551702802299556,1.5873134686963541,1.4529651066522251,1.4987340199054604
2018-01-10,1.5547509134247515,1.5937817182850775,1.4534212250595426,1.5001771722611186,1.5547509134247515,1.5937817182850775,1.4542316357384144,1.5000309230566256
2018-01-11,1.5562559469907171,1.5946954743244983,1.4595277807021503,1.5011357711620155,1.5562559469907171,1.5946954743244983,1.4600421568512807,1.5009429508694496
2018-01-12,1.5556988789894493,1.5983707178746887,1.4562791022820165,1.4997899540007957,1.5556988789894493,1.5983707178746887,1.4485347807440656,1.4996801759069902
2018-01-15,1.552689098877682,1.599004416466726,1.4469593953357824,1.496673628198256,1.552689098877682,1.599004416466726,1.4476164307025832,1.4963808726623296
2018-01-16,1.5460316388063002,1.5964293231039568,1.4514896665372539,1.4929716542626326,1.5460316388063002,1.5964293231039568,1.43025013775995,1.4925637005670782
2018-01-17,1.557624781123003,1.6088542992893302,1.4521708569934206,1.5017006474858228,1.557624781123003,1.6088542992893302,1.4487762641584006,1.5011199304328862
2018-01-18,1.546345470885396,1.607286504705181,1.4447635597597879,1.4941828579753178,1.546345470885396,1.607286504705181,1.4429162002718128,1.4938569818990883
2018-01-19,1.5568047492923105,1.6213887306193533,1.4462010126264613,1.50293284166859,1.5568047492923105,1.6213887306193533,1.441235241770379,1.5025162634482199
2018-01-22,1.5646143174998304,1.649694531390439,1.4697082417791043,1.5108164768742351,1.5646143174998304,1.649694531390439,1.4427213883375332,1.5103241476310045
2018-01-23,1.5811151912704848,1.665370088647678,1.4729505527943463,1.5246133579761403,1.5811151912704848,1.665370088647678,1.4465241408344247,1.5234490046154234
2018-01-24,1.5776850067807309,1.6607716211523609,1.4550367300105689,1.5220863794557307,1.5776850067807309,1.6607716211523609,1.4494339611807583,1.5217803183756655
2018-01-25,1.5715999744537514,1.6547585345018276,1.4669026483084437,1.5161906407917176,1.5715999744537514,1.6547585345018276,1.4242958170696278,1.5153440488617256
2018-01-29,1.5754330811562252,1.6618756157756587,1.464483661308388,1.521934646241239,1.5754330811562252,1.6618756157756587,1.423487104524579,1.5223134328288683
2018-01-30,1.5641814289790348,1.646632748617262,1.4524796602629673,1.511495632865621,1.5641814289790348,1.646632748617262,1.4235237350006487,1.5119938193469338
2018-01-31,1.5545441050399027,1.642214133149155,1.4457010805312207,1.503260884586999,1.5545441050399027,1.642214133149155,1.398342833344071,1.5037496208425976
2018-02-01,1.5582688648133296,1.6355195209597428,1.4445066497803383,1.5086569353645054,1.5582688648133296,1.6355195209597428,1.3999183139753382,1.509226036212914
2018-02-02,1.5206359479937612,1.597759273259758,1.4013737736530547,1.4739844408980056,1.5206359479937612,1.597759273259758,1.3499955996447344,1.4752039173321554
2018-02-05,1.5109715001972541,1.5875639106278159,1.3948253696136175,1.4643699587414627,1.5109715001972541,1.5875639106278159,1.3567143244999877,1.465223101489539
2018-02-06,1.488024264204774,1.562321669203595,1.3706945093192293,1.442289539029318,1.488024264204774,1.562321669203595,1.3453958730005813,1.4427866461172574
2018-02-07,1.4914380228022488,1.5590342396377699,1.3727082522894392,1.4446107844725098,1.4914380228022488,1.5590342396377699,1.3506812201595235,1.4445097466342083
2018-02-08,1.5112700274518989,1.5766655926505668,1.371345460542733,1.4613998127911603,1.5112700274518989,1.5766655926505668,1.352458101671101,1.4610701789921672
2018-02-09,1.5026292845312101,1.5640278094007698,1.3582944926564875,1.453016535904364,1.5026292845312101,1.5640278094007698,1.3486563139442975,1.4522876213447016
2018-02-12,1.518764061927448,1.5775965037089041,1.3869218221809185,1.4698170118261613,1.518764061927448,1.5775965037089041,1.3716569076953182,1.4684483124589618
2018-02-14,1.5160675966086763,1.5772655979418804,1.393840471918131,1.467361189120228,1.5160675966086763,1.5772655979418804,1.3478628932904302,1.4664205768846652
2018-02-15,1.519738018771605,1.583482422526558,1.4176382938322047,1.4721268624525694,1.519738018771605,1.583482422526558,1.3745894994447323,1.4710895704707885
2018-02-16,1.5043559434196077,1.5704076040946267,1.4027692808732883,1.4591052182854245,1.5043559434196077,1.5704076040946267,1.3791437702719809,1.4579257943695907
2018-02-19,1.486046494817892,1.5624011037235548,1.4083792615471211,1.4421598913491942,1.486046494817892,1.5624011037235548,1.3620177762402204,1.4412448998072533
2018-02-20,1.4872790319815223,1.5607752315836552,1.4094801540038013,1.4432011474188993,1.4872790319815223,1.5607752315836552,1.3638275433729246,1.4425374368881703
2018-02-21,1.4865372457037518,1.5709325391637412,1.416606018621258,1.4428374344182737,1.4865372457037518,1.5709325391637412,1.37723246500022,1.442992695446434
2018-02-22,1.4853712533096153,1.568938342578603,1.4146403472538474,1.4409804871507341,1.4853712533096153,1.568938342578603,1.3686066956170404,1.441599381824097
2018-02-23,1.505065910899734,1.5852828070998752,1.4121217348089075,1.4586264751445943,1.505065910899734,1.5852828070998752,1.3662264125461145,1.4586960273045448
2018-02-26,1.5174226262299926,1.591805950712994,1.4173355033789683,1.4707255366634502,1.5174226262299926,1.591805950712994,1.3710669994678928,1.4711401180017427
2018-02-27,1.5144988207570302,1.5946890576996586,1.4164599139057021,1.4691315147058925,1.5144988207570302,1.5946890576996586,1.3852199449088767,1.4695956449962422
2018-02-28,1.5084149846812487,1.5898281898261617,1.4148822937341845,1.4631523344323207,1.5084149846812487,1.5898281898261617,1.3968747145476146,1.4644694498611022
2018-03-01,1.5044514919024048,1.5830627969578837,1.412794002029955,1.4601642527566603,1.5044514919024048,1.5830627969578837,1.4136392662928534,1.4625331373405703
2018-03-05,1.4923458087918007,1.5699509050085005,1.4069519043898266,1.4484083079873422,1.4923458087918007,1.5699509050085005,1.3967926218759883,1.450706202419776
2018-03-06,1.4784290970076348,1.5497481180444466,1.4046499670374941,1.4358667958387994,1.4784290970076348,1.5497481180444466,1.3929224113109866,1.4380595495679775
2018-03-07,1.4626885127748503,1.5306595221016803,1.407798446791359,1.4234258485443412,1.4626885127748503,1.5306595221016803,1.3960114835520814,1.4266119590822897
2018-03-08,1.469306834474191,1.5457003649125984,1.426146164323633,1.4305516729317245,1.469306834474191,1.5457003649125984,1.406489160124242,1.4324807665935333
2018-03-09,1.4617898825335833,1.5443089760436448,1.434144898995951,1.4248527224057472,1.4617898825335833,1.5443089760436448,1.3868274333527815,1.4274053859320903
2018-03-12,1.4852820542554566,1.5698518036628413,1.4416145987002664,1.4478688405164495,1.4852820542554566,1.5698518036628413,1.3978139816277162,1.449492981679023
2018-03-13,1.4895160107282863,1.5633689423417356,1.421369531233126,1.4513462219975168,1.4895160107282863,1.5633689423417356,1.3960040640741245,1.4513320820940474
2018-03-14,1.490154104684872,1.5630651694578659,1.415081003325928,1.4512401923181437,1.490154104684872,1.5630651694578659,1.3766418492358867,1.4501848740542642
2018-03-15,1.4880319339860555,1.553345909298922,1.4263769496070322,1.4494767774013178,1.4880319339860555,1.553345909298922,1.3969358634702005,1.4487140600591224
2018-03-16,1.4669741556170126,1.533045854416532,1.3902479860097738,1.4291945162564876,1.4669741556170126,1.533045854416532,1.3605211764587528,1.4285397740622063
2018-03-19,1.4476318625031077,1.519462871302384,1.398032609319243,1.4128703639883387,1.4476318625031077,1.519462871302384,1.353491084391556,1.4119993995757525
2018-03-20,1.4560776279844214,1.5236979578481396,1.390678930583436,1.42032513059305,1.4560776279844214,1.5236979578481396,1.3427768727006235,1.419413792940426
2018-03-21,1.4590326924786003,1.5304898034021626,1.400482210361548,1.4236634936510668,1.4590326924786003,1.5304898034021626,1.3599905873105482,1.4229093070002248
2018-03-22,1.4499000345154556,1.5269601589903559,1.4005254565585366,1.4156248178933417,1.4499000345154556,1.5269601589903559,1.3580002525592478,1.415037936531657
2018-03-23,1.4362910402769693,1.5105227293251904,1.3896549930725342,1.4037293038772458,1.4362910402769693,1.5105227293251904,1.3683217567462516,1.4032708786761878
2018-03-26,1.4557364629557399,1.528330696539009,1.4101641088053412,1.4210389339442782,1.4557364629557399,1.528330696539009,1.3781447752084106,1.4203200029511636
2018-03-27,1.4677969696897495,1.5363099044078818,1.4261104559445357,1.432895473456197,1.4677969696897495,1.5363099044078818,1.3897337462610422,1.432210558840773
2018-03-28,1.4583793872857294,1.5212012653851792,1.4420666650543223,1.4251348189420712,1.4583793872857294,1.5212012653851792,1.4116589818945329,1.4243457986081498
2018-04-02,1.479172177671146,1.5378778952735237,1.432848071420519,1.4457312317170155,1.479172177671146,1.5378778952735237,1.424684160231718,1.4447582080133754
2018-04-03,1.4817575738373046,1.5434465661690469,1.4230231011873442,1.448013486492983,1.4817575738373046,1.5434465661690469,1.4177728561552738,1.4469098933939577
2018-04-04,1.4603225494681307,1.5284221489531578,1.4219937945067198,1.4290912666605888,1.4603225494681307,1.5284221489531578,1.4139549525015513,1.4278881454207426
2018-04-05,1.4931461809454942,1.557856542712426,1.427935578995019,1.457729442180508,1.4931461809454942,1.557856542712426,1.3997570584785288,1.4563848121507823
2018-04-06,1.4941029209644032,1.5575857787208227,1.4340108004434806,1.458449472310419,1.4941029209644032,1.5575857787208227,1.4079530756742518,1.4570584637852104
2018-04-09,1.500765754761578,1.5624451676412712,1.441111342760703,1.4657894791770079,1.500765754761578,1.5624451676412712,1.4069935325631961,1.4643578504238381
2018-04-10,1.5082946455555126,1.5686436042979304,1.4321488257657855,1.4712523124099794,1.5082946455555126,1.5686436042979304,1.406817511345521,1.469939559179885
2018-04-11,1.5095488585527963,1.5791213535793531,1.4630913883564056,1.4732429398430889,1.5095488585527963,1.5791213535793531,1.4119441147153098,1.471690309209286
2018-04-12,1.508869137998171,1.5886706879830634,1.4574357922288421,1.4746769095223293,1.508869137998171,1.5886706879830634,1.422313693597469,1.4733266893979142
2018-04-13,1.51417216045261,1.59459068386871,1.4692882298042023,1.4795213615120792,1.51417216045261,1.59459068386871,1.4168594682523945,1.4781425494137945
2018-04-16,1.5264646843914258,1.5994852566884867,1.4924490630723277,1.4920285152716424,1.5264646843914258,1.5994852566884867,1.4411864708343676,1.4904384823772334
2018-04-17,1.5290046785770124,1.6038198955742313,1.4964463853021364,1.4962267646845413,1.5290046785770124,1.6038198955742313,1.4383310014092452,1.49472027942219
2018-04-18,1.5260956350760357,1.5991295947322168,1.495207294041686,1.4939855116962169,1.5260956350760357,1.5991295947322168,1.4372425641075228,1.4926042757735265
2018-04-19,1.5372780718814414,1.6088758437470878,1.5203474995123303,1.5032062833737125,1.5372780718814414,1.6088758437470878,1.4324431003694211,1.5017010261129193
2018-04-20,1.537591628690031,1.617174802640547,1.5320024866531514,1.5039404557171265,1.537591628690031,1.617174802640547,1.4494131914838913,1.502387261206539
2018-04-23,1.5409460975158635,1.6215659182068083,1.542358466637759,1.5065557227680284,1.5409460975158635,1.6215659182068083,1.4582017466713506,1.5051218988840498
2018-04-24,1.53731349199482,1.6303942964853482,1.5408496016532678,1.5043050514072025,1.53731349199482,1.6303942964853482,1.4594579811033075,1.5020727465718204
2018-04-25,1.5322647834881338,1.6313120733409103,1.5379690107991748,1.4997836543526122,1.5322647834881338,1.6313120733409103,1.4574713604865122,1.4975696376794223
2018-04-26,1.536821992411521,1.6397923972008839,1.535362767189979,1.5048118336011462,1.536821992411521,1.6397923972008839,1.4511202372989411,1.5027364507209529
2018-04-27,1.5458659435143414,1.6509477609418894,1.547481937359945,1.5122333610825374,1.5458659435143414,1.6509477609418894,1.439496439396169,1.510505755519113
2018-04-30,1.553153842012536,1.6502959572656768,1.5481010817141674,1.5208587787593237,1.553153842012536,1.6502959572656768,1.448217486836696,1.5193059961072528
2018-05-02,1.5363153045918672,1.6442136209909874,1.5440693009609097,1.5073173708360346,1.5363153045918672,1.6442136209909874,1.4455557027562644,1.5056404291857912
2018-05-03,1.5278780798727856,1.6330524226453482,1.5542535958129606,1.4989289339381733,1.5278780798727856,1.6330524226453482,1.4282896813825106,1.497256278112276
2018-05-04,1.5205199165762258,1.6257666178400385,1.5439001061361985,1.4913602370639236,1.5205199165762258,1.6257666178400385,1.4307746971512503,1.4901830439329902
2018-05-07,1.5350514345241677,1.6405522078172994,1.5527869944575408,1.5053382293071398,1.5350514345241677,1.6405522078172994,1.4226990612657835,1.5043985790786785
2018-05-08,1.5370654547496454,1.6425348287597321,1.5490228815809237,1.5060440666342487,1.5370654547496454,1.6425348287597321,1.426982291571845,1.5054073201636218
2018-05-09,1.5348807772608126,1.6487019822451021,1.5396710134118619,1.504431534689852,1.5348807772608126,1.6487019822451021,1.416237569944554,1.5038215988391272
2018-05-10,1.5280458426882664,1.6463442592544253,1.551029565108796,1.4979062773071732,1.5280458426882664,1.6463442592544253,1.4292987792971135,1.4973206954791909
2018-05-11,1.5391115770177157,1.6573787043367152,1.5810143113614836,1.509894182011497,1.5391115770177157,1.6573787043367152,1.4442394608054872,1.5100631187795805
2018-05-14,1.534279994205367,1.6551786027762134,1.6322710081523832,1.5073427479277688,1.534279994205367,1.6551786027762134,1.4670575679075695,1.5078752931390988
2018-05-15,1.5342245041670464,1.6556086124368192,1.644025383772863,1.507705888787212,1.5342245041670464,1.6556086124368192,1.4876996306723205,1.5086078443051179
2018-05-16,1.5276679342394184,1.6437041546265123,1.6589377730293169,1.5034518394702747,1.5276679342394184,1.6437041546265123,1.4800122049023325,1.5038698310880458
2018-05-17,1.5247561179211195,1.6364219781172529,1.6633215221828097,1.5007699095737748,1.5247561179211195,1.6364219781172529,1.4870839276899215,1.500468391247066
2018-05-18,1.5120899776062573,1.624522870369253,1.676116449586061,1.4909489829902727,1.5120899776062573,1.624522870369253,1.4813523294409963,1.4908031639704287
2018-05-21,1.4952222415867482,1.6180053134020684,1.6629570292448448,1.4747272703477181,1.4952222415867482,1.6180053134020684,1.4785142886618456,1.4749741265584608
2018-05-22,1.5059162459776738,1.6200560950692258,1.664174892114503,1.4834662743189515,1.5059162459776738,1.6200560950692258,1.4631666472243392,1.4834225599557054
2018-05-23,1.4905725501711997,1.6057697461406206,1.6533384498960932,1.4700835178260214,1.4905725501711997,1.6057697461406206,1.450444662048842,1.4699058585176072
2018-05-24,1.502065560305805,1.6246262404239784,1.660321001161814,1.4792460507414504,1.502065560305805,1.6246262404239784,1.4578725956522813,1.4798866689755754
2018-05-25,1.521122313475335,1.6360892957282,1.658882995096379,1.4964916737506706,1.521122313475335,1.6360892957282,1.4587234286473991,1.4971380704679556
2018-05-28,1.5302847018730477,1.6391039816638913,1.6704466262381814,1.5045296138962918,1.5302847018730477,1.6391039816638913,1.4816966860579686,1.5049295379054672
2018-05-29,1.5221922974522704,1.6325182492346204,1.6588606084344661,1.4971385956856325,1.5221922974522704,1.6325182492346204,1.478019111925483,1.497112172712557
2018-05-30,1.520188098296833,1.6307658609533888,1.6633593326373572,1.495565761852865,1.520188098296833,1.6307658609533888,1.4765705679394754,1.4958714518282998
2018-05-31,1.5296940471933056,1.6450420040156064,1.7162176355311332,1.5072860948199047,1.5296940471933056,1.6450420040156064,1.515519599140084,1.507918023897961
2018-06-01,1.521827924106215,1.6420975995401637,1.6692091668423863,1.499714757653458,1.521827924106215,1.6420975995401637,1.4724551645675013,1.5000643180347446
2018-06-04,1.5119453875496285,1.637363106082194,1.66016872228803,1.489670848979734,1.5119453875496285,1.637363106082194,1.4430597662880675,1.4896330054912335
2018-06-05,1.504688142224449,1.6318835827784006,1.6584044060809413,1.4823027523151475,1.504688142224449,1.6318835827784006,1.4405007681864648,1.4822832051846548
2018-06-06,1.5227732241751581,1.647283307742905,1.6625654770364386,1.498756138683556,1.5227732241751581,1.647283307742905,1.431422688726312,1.4988335638189205
2018-06-07,1.5377171536072571,1.6649664269209,1.6681185069524676,1.5114980968246174,1.5377171536072571,1.6649664269209,1.4469776734969466,1.5122435783022226
2018-06-08,1.5417265815811731,1.6718691208789245,1.6548880851139602,1.5137462875479504,1.5417265815811731,1.6718691208789245,1.4545373176574108,1.5136482165804404
2018-06-11,1.5448990723474905,1.6745064636418432,1.6675345220413411,1.516465848328561,1.5448990723474905,1.6745064636418432,1.455972217623075,1.5163910467871757
2018-06-12,1.5502437208231223,1.6877726617216222,1.677114660901572,1.5224755905627405,1.5502437208231223,1.6877726617216222,1.4485221639635806,1.5222951835752867
2018-06-13,1.5549360938835348,1.6962324444255095,1.69626158277249,1.5263849756005619,1.5549360938835348,1.6962324444255095,1.455397578586849,1.526165109402635
2018-06-14,1.5534509851811127,1.6913607200090621,1.6893534617300396,1.5244625592050507,1.5534509851811127,1.6913607200090621,1.4480103394037491,1.523694716768279
2018-06-15,1.5561884935365322,1.7010024569234838,1.714295123322065,1.5275510243987769,1.5561884935365322,1.7010024569234838,1.4686697651880585,1.526363133593
2018-06-18,1.5523059956660936,1.6964395552565499,1.7175688388866566,1.5233474040927555,1.5523059956660936,1.6964395552565499,1.4793516797337303,1.5220897294963998
2018-06-19,1.536603621449099,1.679673141140956,1.7088376701281598,1.5092030286076639,1.536603621449099,1.679673141140956,1.4712973149892037,1.507731819317458
2018-06-20,1.5392349161674257,1.6918076361766208,1.7097887132402485,1.5124383858295791,1.5392349161674257,1.6918076361766208,1.4716687239446198,1.5110887767027528
2018-06-21,1.527448010012052,1.6901712289045245,1.705112366019677,1.5006790314289902,1.527448010012052,1.6901712289045245,1.4575907964055086,1.4996409723956392
2018-06-22,1.5379904744596575,1.6923986810449207,1.7128563245328594,1.5100412236007752,1.5379904744596575,1.6923986810449207,1.4584401306482304,1.509022583321838
2018-06-25,1.5285011343762698,1.6855316432914487,1.6999760829410382,1.5015819518897526,1.5285011343762698,1.6855316432914487,1.448803352490073,1.5005443326834507
2018-06-26,1.5321995615210364,1.6820255520589034,1.6988516200713062,1.5054854342318782,1.5321995615210364,1.6820255520589034,1.4523647954317158,1.5043121627225449
2018-06-27,1.5140019690145685,1.6690450183132841,1.7101703076433392,1.4903866323503892,1.5140019690145685,1.6690450183132841,1.4636669187928264,1.4892868964909856
2018-06-28,1.4991040770417492,1.653489900108841,1.6875477889797028,1.4776160542249808,1.4991040770417492,1.653489900108841,1.431795871888933,1.4765936021042705
2018-06-29,1.520083450816833,1.6778086286667024,1.6851880869346165,1.4971245972966905,1.520083450816833,1.6778086286667024,1.4256663891946924,1.4961244846503794
2018-07-02,1.5086199541331529,1.667528241831782,1.6796182404020719,1.48685135130164,1.5086199541331529,1.667528241831782,1.4357070858229957,1.4861630727218567
2018-07-03,1.5201361756901954,1.678993262483889,1.6853909095720303,1.4969974548982075,1.5201361756901954,1.678993262483889,1.4382674539652767,1.496411341540517
2018-07-04,1.525079082798055,1.690109336070445,1.6866386911707592,1.502752821526149,1.525079082798055,1.690109336070445,1.4423529826737063,1.5022173000309824
2018-07-05,1.5210784203063918,1.678293506489601,1.685638813899195,1.501408272602407,1.5210784203063918,1.678293506489601,1.4397073792594997,1.5004745202541194
2018-07-06,1.5226637564541914,1.686461990224431,1.689238491494578,1.5033026267060456,1.5226637564541914,1.686461990224431,1.4412928872815924,1.5022316292608646
2018-07-09,1.5342367876314231,1.7005126333071081,1.7035303272079312,1.5141993861059275,1.5342367876314231,1.7005126333071081,1.4443890872409222,1.5131770489221135
2018-07-10,1.5480672546461771,1.7193661795632316,1.70698904815177,1.5272735719640556,1.5480672546461771,1.7193661795632316,1.4505429238345662,1.526039961535473
2018-07-11,1.5436693290472412,1.7331406976581387,1.6900572114849286,1.522871049301608,1.5436693290472412,1.7331406976581387,1.4352947075887017,1.521706125085878
2018-07-12,1.5478683191393223,1.7532957559092985,1.7090969323073293,1.5269243355755315,1.5478683191393223,1.7532957559092985,1.4380048976081412,1.5257697777857855
2018-07-13,1.54485948647262,1.7592332394011094,1.6931177899765586,1.5240078707371854,1.54485948647262,1.7592332394011094,1.4158335229642318,1.5228131001685958
2018-07-16,1.5243951069772814,1.7400073740748414,1.6823984851770346,1.5074931227154187,1.5243951069772814,1.7400073740748414,1.4213262586897244,1.5061753186022702
2018-07-17,1.5386468519700511,1.7535332603584661,1.6900128622325574,1.5183130428298308,1.5386468519700511,1.7535332603584661,1.4327665165358987,1.51708596560955
2018-07-18,1.5303425075478005,1.746938800273545,1.6879917824971558,1.5106769994389238,1.5303425075478005,1.746938800273545,1.4361724820938733,1.5093042012548714
2018-07-19,1.526030841945044,1.748480350456737,1.6913865720690973,1.5067970644160487,1.526030841945044,1.748480350456737,1.4560565848182272,1.5054003048988236
2018-07-20,1.5346238246491226,1.7671680596918249,1.6921995750724192,1.5122624178396338,1.5346238246491226,1.7671680596918249,1.4511911564060858,1.5109567124324463
2018-07-23,1.5509424219917716,1.7782917829512164,1.6624524841624297,1.5258630801694533,1.5509424219917716,1.7782917829512164,1.451598705336304,1.524832312145338
2018-07-24,1.563495630999691,1.7802452863118072,1.6543653539150864,1.5363406335403653,1.563495630999691,1.7802452863118072,1.44869890365128,1.5351726992964208
2018-07-25,1.560287088815278,1.778174863051687,1.6287660238006487,1.5314582745920344,1.560287088815278,1.778174863051687,1.452519985485375,1.5303399899741614
2018-07-26,1.5671097197303085,1.7830873299473424,1.632067152992315,1.5383277560821014,1.5671097197303085,1.7830873299473424,1.4685915303494002,1.537053344906716
2018-07-27,1.579292267777562,1.7970012993915812,1.6347014843268588,1.5493725004619385,1.579292267777562,1.7970012993915812,1.4799769640622458,1.548174845127273
2018-07-30,1.5869074423935776,1.8115899629252894,1.63264261101418,1.5558593608388929,1.5869074423935776,1.8115899629252894,1.4823405121461453,1.5550754986076722
2018-07-31,1.6002227393472908,1.831023835174324,1.642513488219663,1.5686676057861983,1.6002227393472908,1.831023835174324,1.50880127303492,1.5683005281090656
2018-08-01,1.5999857569167653,1.8344140765735375,1.6444304525498998,1.5691922385013577,1.5999857569167653,1.8344140765735375,1.5183716601955655,1.5690222257479136
2018-08-02,1.5958608139045354,1.8172843496150295,1.6291800540105321,1.5638353674917256,1.5958608139045354,1.8172843496150295,1.5013403034531954,1.5639043406865571
2018-08-03,1.60438820872343,1.8319340854826442,1.6405116066254317,1.5712704532025896,1.60438820872343,1.8319340854826442,1.4959500022767709,1.5714794076990053
2018-08-06,1.6090015594386584,1.8407515410647257,1.6563603471327433,1.5742842718029275,1.6090015594386584,1.8407515410647257,1.5200005495169522,1.5744022990107058
2018-08-07,1.60575764794632,1.8373975040925983,1.662110822460147,1.5722924785857244,1.60575764794632,1.8373975040925983,1.5131221182977046,1.5725373490845036
2018-08-08,1.6131966739766652,1.8563429011277266,1.6715498987842987,1.5786986826284057,1.6131966739766652,1.8563429011277266,1.518751148342098,1.5787781442194773
2018-08-09,1.6149332653057615,1.8596104786540668,1.695676487028331,1.5801307144112258,1.6149332653057615,1.8596104786540668,1.5195143553015495,1.579783096346188
2018-08-10,1.6094902593357905,1.851834426556297,1.6752094174337389,1.5763579226120763,1.6094902593357905,1.851834426556297,1.502370928063647,1.575331174754867
2018-08-13,1.6081828676540073,1.8425795347475606,1.6848757477524228,1.5750721919180068,1.6081828676540073,1.8425795347475606,1.5310551402453116,1.5739888726937568
2018-08-14,1.6243532852826157,1.8606924225993515,1.6909997759553685,1.5883564512443917,1.6243532852826157,1.8606924225993515,1.537908139925457,1.587369354395097
2018-08-16,1.622460072029569,1.8563058517288296,1.713501783253385,1.5852558651853488,1.622460072029569,1.8563058517288296,1.5686494393818624,1.5851896914994097
2018-08-17,1.6362919377832157,1.8688854394132637,1.7142235378441404,1.5977471688909413,1.6362919377832157,1.8688854394132637,1.579920291185919,1.5978691829448877
2018-08-20,1.6502385462852542,1.8841011812729178,1.6954958406592735,1.6100146706195442,1.6502385462852542,1.8841011812729178,1.5767979116078001,1.6106256170841846
2018-08-21,1.6561114012325382,1.8905965582981126,1.6997339538459149,1.6156611581506268,1.6561114012325382,1.8905965582981126,1.5907396856575784,1.6167300246842522
2018-08-23,1.6595054200496664,1.902307009357137,1.704313525546058,1.620860648979944,1.6595054200496664,1.902307009357137,1.5980384390850901,1.6219036101624211
2018-08-24,1.6570256963876082,1.9017170229044231,1.7190816278859555,1.618027614774613,1.6570256963876082,1.9017170229044231,1.5835954910257413,1.6190085730274735
2018-08-27,1.6753247186066231,1.9238998865873806,1.7377959683566178,1.635784068290523,1.6753247186066231,1.9238998865873806,1.6139586148407647,1.6364478480143658
2018-08-28,1.6799524550936475,1.9376460838045177,1.7391972765137595,1.6395852073355295,1.6799524550936475,1.9376460838045177,1.600165949139993,1.6399117336372002
2018-08-29,1.6785915854998263,1.9270800973490554,1.7506860658001846,1.6368750727765569,1.6785915854998263,1.9270800973490554,1.5789076193263192,1.6369749214212892
2018-08-30,1.6813328086005126,1.9238661062496951,1.7683282676228937,1.6380968660238076,1.6813328086005126,1.9238661062496951,1.5753017749081495,1.6389031066573279
2018-08-31,1.6915712295411265,1.9185145095108445,1.742321600184011,1.6475585902849839,1.6915712295411265,1.9185145095108445,1.5804729306655954,1.6488769531033791
2018-09-03,1.6768627404118726,1.8982532849337064,1.7227325717105357,1.632828159060719,1.6768627404118726,1.8982532849337064,1.5553769774684354,1.6339467017617275
2018-09-04,1.6555493838596633,1.894500502044205,1.7177653086010467,1.6133522982990065,1.6555493838596633,1.894500502044205,1.5625459447662235,1.613080731740178
2018-09-05,1.6510653526458317,1.8816097403413243,1.7234010237241015,1.6086461820813602,1.6510653526458317,1.8816097403413243,1.5523734741855144,1.6078614930495267
2018-09-06,1.6656042051138136,1.8984771907714126,1.6916396068178843,1.619363084673358,1.6656042051138136,1.8984771907714126,1.5406963749011513,1.6190077801951226
2018-09-07,1.678624795410396,1.9137613202877206,1.7051024445678713,1.631150494627772,1.678624795410396,1.9137613202877206,1.5438301796962883,1.6315758547407573
2018-09-10,1.6526192877013242,1.8901007162790193,1.6648600324969038,1.6077746795632082,1.6526192877013242,1.8901007162790193,1.5264803116224068,1.6076247299518047
2018-09-11,1.6285611165054767,1.8640257752666054,1.6408082644959467,1.5857679451518276,1.6285611165054767,1.8640257752666054,1.5118505025477147,1.5856526157643622
2018-09-12,1.6434633167705823,1.879289448121253,1.6834842700810029,1.600088181073475,1.6434633167705823,1.879289448121253,1.5247165250096844,1.599796890408705
2018-09-14,1.6727428014675016,1.8964947642150767,1.7186970293191204,1.6264280449702435,1.6727428014675016,1.8964947642150767,1.5317815823384804,1.6260913804033807
2018-09-17,1.6620827116061088,1.875108921798324,1.6876797312142726,1.614999241190358,1.6620827116061088,1.875108921798324,1.5187408853140576,1.6146748606247125
2018-09-18,1.6486188624727205,1.8628360027792787,1.6873174377476123,1.6038238610822784,1.6486188624727205,1.8628360027792787,1.5270094079395526,1.6034398362141018
2018-09-19,1.6447048649754448,1.8566126904888136,1.6747461792475056,1.599193914031383,1.6447048649754448,1.8566126904888136,1.5227889114498956,1.5986157003851507
2018-09-21,1.6278019549267502,1.8500788899403375,1.7062336536477822,1.5847570183589041,1.6278019549267502,1.8500788899403375,1.5412652506970126,1.5847898126939413
2018-09-24,1.5990792465653643,1.843099845803976,1.6964667614787436,1.5568419404030438,1.5990792465653643,1.843099845803976,1.5485432791962561,1.5568527812116073
2018-09-25,1.6151514011623258,1.8569061020490818,1.6840026421429064,1.5716105881660747,1.6151514011623258,1.8569061020490818,1.5407432155505576,1.5715530524172536
2018-09-26,1.612632179682166,1.8554258343718477,1.6630237701621495,1.5668832836947555,1.612632179682166,1.8554258343718477,1.5373658086976771,1.5668744154811738
2018-09-27,1.6023105001056528,1.8540775916403152,1.6961057439635372,1.5569126150775672,1.6023105001056528,1.8540775916403152,1.569127165306091,1.556694975391012
2018-09-28,1.580419583168547,1.8463415762401574,1.683191195733137,1.5409905647072148,1.580419583168547,1.8463415762401574,1.5579847235193343,1.5409474591778494
2018-10-01,1.588007318668271,1.8530208361426002,1.7477808269353798,1.5476744719448932,1.588007318668271,1.8530208361426002,1.6216137363568517,1.5472104581047568
2018-10-03,1.5663565248325508,1.8177571549511935,1.7167786313691602,1.5258505128800106,1.5663565248325508,1.8177571549511935,1.6012597026962352,1.5249864591128652
2018-10-04,1.5317094969834966,1.7584294885354486,1.6409803738933864,1.492648876606155,1.5317094969834966,1.7584294885354486,1.5448050593245575,1.4913636904399767
2018-10-05,1.4880127769297498,1.7115152820384814,1.6482572239112585,1.454541540327403,1.4880127769297498,1.7115152820384814,1.576923534003574,1.4530706867634027
2018-10-08,1.4948397665799182,1.7320094364073113,1.697900069623001,1.4599540335104513,1.4948397665799182,1.7320094364073113,1.5943347697988555,1.4588360626712777
2018-10-09,1.4887915222374224,1.7190411251905198,1.6786819523384229,1.4537619076534296,1.4887915222374224,1.7190411251905198,1.5665936230311255,1.4522309356920196
2018-10-10,1.521153326276038,1.7410216676263042,1.6416918213463947,1.4807729675228032,1.521153326276038,1.7410216676263042,1.5387299428177104,1.48019886460009
2018-10-11,1.4866537213670483,1.7028342456463426,1.6210708211891793,1.4480782130332785,1.4866537213670483,1.7028342456463426,1.5182600057715725,1.4476233842073611
2018-10-12,1.5247615658618843,1.7367362698131616,1.6368293926878215,1.4830924635015892,1.5247615658618843,1.7367362698131616,1.5269344029500231,1.4837386533742891
2018-10-15,1.5295998912302087,1.747605818072487,1.6263859299440775,1.4867817326784256,1.5295998912302087,1.747605818072487,1.5297339226000923,1.4865840777167867
2018-10-16,1.5402717007211837,1.7644768551288608,1.6201887582322922,1.4958418585012434,1.5402717007211837,1.7644768551288608,1.5177214671291295,1.4955730626489556
2018-10-17,1.5185640157358837,1.7452661765249227,1.6086573259119157,1.476444163557296,1.5185640157358837,1.7452661765249227,1.5302728640543755,1.4754726420341315
2018-10-19,1.505663438956377,1.7179291295423254,1.579986750842771,1.4622841957310708,1.505663438956377,1.7179291295423254,1.506959436582795,1.4615823291827443
2018-10-22,1.4941137925841856,1.7011792335003175,1.5850232761878127,1.4515154851004124,1.4941137925841856,1.7011792335003175,1.5317026480438987,1.4502460722092123
2018-10-23,1.4753044848042816,1.6767662002044674,1.550320076718172,1.432403975801138,1.4753044848042816,1.6767662002044674,1.4924346793809435,1.4317646614225037
2018-10-24,1.488469150039238,1.6868052775243843,1.524831912599566,1.4446709424485966,1.488469150039238,1.6868052775243843,1.4918410426115936,1.444679483107028
2018-10-25,1.4778032457152983,1.6741605394436079,1.5380388817275854,1.4359965303810078,1.4778032457152983,1.6741605394436079,1.5028585837453414,1.4356494686250225
2018-10-26,1.465741899074175,1.6627945768909405,1.492892452022753,1.4240150332045438,1.465741899074175,1.6627945768909405,1.4761200249977342,1.4229892225004894
2018-10-29,1.5021182650904774,1.708985734631307,1.5333615163459642,1.4579216707533584,1.5021182650904774,1.708985734631307,1.49149767979846,1.4534093347103352
2018-10-30,1.4991165459706604,1.700936422786582,1.52592283927555,1.4554388565251615,1.4991165459706604,1.700936422786582,1.4927042118233218,1.4491377166629968
2018-10-31,1.5197609275987176,1.7241310993039434,1.5216790499094646,1.475366316842323,1.5197609275987176,1.7241310993039434,1.5091805927916273,1.470039233539695
2018-11-01,1.5233714186574954,1.7207948928539993,1.5329328818877583,1.4753804306591503,1.5233714186574954,1.7207948928539993,1.5041058195020875,1.4711378402122495
2018-11-02,1.5448750417956374,1.7405596489369373,1.5718107403835522,1.4938160373706568,1.5448750417956374,1.7405596489369373,1.5213629192910343,1.4925383994512533
2018-11-05,1.5406787292005688,1.7447362214805973,1.5419762699378585,1.489355950023931,1.5406787292005688,1.7447362214805973,1.5114930049838584,1.4882229552815232
2018-11-06,1.5336540987193197,1.7491294471927588,1.5550241686081387,1.483414373445751,1.5336540987193197,1.7491294471927588,1.5283303292624049,1.4829066477044828
2018-11-07,1.5430055515226806,1.7598185619528364,1.565513132493178,1.4922514737958055,1.5430055515226806,1.7598185619528364,1.5423939062138083,1.4918827605503096
2018-11-09,1.5473093483262186,1.749963165521763,1.5908153345376013,1.4953329285820913,1.5473093483262186,1.749963165521763,1.551713433003764,1.4958905214041243
2018-11-12,1.5326552450222675,1.7354730551290085,1.5807887726907734,1.4832167033959438,1.5326552450222675,1.7354730551290085,1.5245105429059125,1.4824920452486268
2018-11-13,1.5470596546347586,1.75373238376923,1.5940371571647916,1.4959883096957074,1.5470596546347586,1.75373238376923,1.525520390215205,1.4957701790639857
2018-11-14,1.5459608215753031,1.7502139795590061,1.638571433909768,1.4935976785976752,1.5459608215753031,1.7502139795590061,1.5379523196997915,1.4949799652006703
2018-11-15,1.5566765928713524,1.7564099565417381,1.6372315285516914,1.501683629174634,1.5566765928713524,1.7564099565417381,1.5418572893653866,1.5033919485206042
2018-11-16,1.567572903919363,1.7777146178218,1.6133224685647043,1.5122937271111976,1.567572903919363,1.7777146178218,1.5307595885086258,1.5146303038142879
2018-11-19,1.5764915076942094,1.792549069087571,1.5996235262891212,1.521470088661616,1.5764915076942094,1.792549069087571,1.538925117114933,1.5241959031076002
2018-11-20,1.5557285532911784,1.7726897435606679,1.6165764349536718,1.5013559773294933,1.5557285532911784,1.7726897435606679,1.5325738381658367,1.5059761015772282
2018-11-21,1.556672192228277,1.7554856991763261,1.5931797863001234,1.4996569516729605,1.556672192228277,1.7554856991763261,1.484234419655919,1.5041889692080057
2018-11-22,1.5422150974089484,1.741866046848979,1.598117508060648,1.4863372819875167,1.5422150974089484,1.741866046848979,1.4803727815941343,1.4906939629049967
2018-11-26,1.5532421767781204,1.7615167827050433,1.6411250017655943,1.4986279986697695,1.5532421767781204,1.7615167827050433,1.519241895013033,1.5038219760273248
2018-11-27,1.555765926930846,1.7762064147686747,1.6305137011779662,1.5005181082111874,1.555765926930846,1.7762064147686747,1.5243328364869526,1.5069870094356888
2018-11-28,1.549386704777549,1.7939594358366988,1.625269968887773,1.496357331283747,1.549386704777549,1.7939594358366988,1.5720986887201456,1.502918420039587
2018-11-29,1.5689355107052352,1.8112757554037957,1.635294625795975,1.5136025685243133,1.5689355107052352,1.8112757554037957,1.5490398855528518,1.520274277784208
2018-11-30,1.5722460527457482,1.8121876111361355,1.6490241849801048,1.517954250596322,1.5722460527457482,1.8121876111361355,1.5221727694819045,1.5249692815297349
2018-12-03,1.57481404663723,1.813446504099174,1.6478535923461541,1.5207389892480836,1.57481404663723,1.813446504099174,1.5357102085333691,1.5278202140450277
2018-12-04,1.5748701656268835,1.8136415783345996,1.6422074420103137,1.5203049481087478,1.5748701656268835,1.8136415783345996,1.5368570491409967,1.5283052870333689
2018-12-05,1.5531315770938092,1.8026972002206416,1.6476219810897388,1.500956715902909,1.5531315770938092,1.8026972002206416,1.5459928944780548,1.5092885455588223
2018-12-06,1.5226608342249062,1.769053388202304,1.6347234769846795,1.4730782512712772,1.5226608342249062,1.769053388202304,1.5549401436335188,1.4803907541601604
2018-12-07,1.53428640306271,1.7838176711868234,1.643330434580242,1.4840926970900297,1.53428640306271,1.7838176711868234,1.5312517043570062,1.4914742785098227
2018-12-10,1.5063995061824111,1.7445242017006735,1.599384032153368,1.457579504177016,1.5063995061824111,1.7445242017006735,1.504590296611952,1.465099111574017
2018-12-11,1.5222569452367263,1.7576901587413374,1.6009981017112527,1.4719472449192668,1.5222569452367263,1.7576901587413374,1.5196562382034884,1.4796090461945202
2018-12-12,1.5564360039985696,1.7865316727178464,1.63406958579009,1.5037601227193862,1.5564360039985696,1.7865316727178464,1.5341153560754248,1.5114099964673713
2018-12-13,1.5625935635093484,1.7902363692655223,1.6409715237931473,1.5106065971682612,1.5625935635093484,1.7902363692655223,1.5330149732117602,1.5180578185485323
2018-12-14,1.5671952674423208,1.7972759615439167,1.6394771566246558,1.514134879383718,1.5671952674423208,1.7972759615439167,1.5191785376220068,1.521674735728107
2018-12-17,1.5746996618024778,1.8080075816576493,1.6453499800765023,1.5221975447777774,1.5746996618024778,1.8080075816576493,1.534112777437838,1.530280068923186
2018-12-18,1.5811196526164604,1.8128842050436826,1.649769496399781,1.5280469452621814,1.5811196526164604,1.8128842050436826,1.5421832120236934,1.5360940159531105
2018-12-19,1.5931985020817305,1.8180076976648014,1.657039168675566,1.538760197019079,1.5931985020817305,1.8180076976648014,1.5448828159366037,1.5472481976372205
2018-12-20,1.59078715199749,1.8108122061357579,1.6675375273827633,1.5363223444683958,1.59078715199749,1.8108122061357579,1.5613801573552568,1.5446516386397273
2018-12-21,1.5677640020517352,1.7748462827778027,1.6343095109144217,1.5135452003017416,1.5677640020517352,1.7748462827778027,1.5363322110166138,1.5219189508805109
2018-12-24,1.5537699613765061,1.764632279761018,1.6340537558856814,1.4999649724435233,1.5537699613765061,1.764632279761018,1.5273060223493942,1.5078672319943196
2018-12-26,1.5606133328880156,1.772431969819902,1.6554266394834307,1.506107828145429,1.5606133328880156,1.772431969819902,1.544789592635868,1.5141558640833657
2018-12-27,1.564791227252981,1.785303378413341,1.6627110056059127,1.5107234999150987,1.564791227252981,1.785303378413341,1.5443682263528695,1.5186575928995358
2018-12-28,1.5767275471223654,1.7948565523681612,1.6670177192705087,1.5224395183635515,1.5767275471223654,1.7948565523681612,1.5576625192039015,1.5303991472547631
2018-12-31,1.579512106083278,1.794000380816824,1.655481923847234,1.5247489582801528,1.579512106083278,1.794000380816824,1.5551812129606846,1.5327362567835057
2019-01-01,1.5792988374596404,1.7984217374635951,1.6770356320306994,1.5247031281833572,1.5792988374596404,1.7984217374635951,1.5575263796943788,1.5329282562833846
2019-01-02,1.5567408983053863,1.7826304877369987,1.6950293232531897,1.5043743501472446,1.5567408983053863,1.7826304877369987,1.5566474388480935,1.5126073629436911
2019-01-03,1.539320486377751,1.766004989954671,1.6704214402317434,1.488459020509845,1.539320486377751,1.766004989954671,1.5300913309677682,1.4965107292566724
2019-01-04,1.5463411506193814,1.7700778166510585,1.6826308722916627,1.4943903176896136,1.5463411506193814,1.7700778166510585,1.5457632046000478,1.5026408942622136
2019-01-07,1.5503053593898384,1.7793384558321899,1.6984453075728025,1.4987696839642335,1.5503053593898384,1.7793384558321899,1.5515222705337053,1.5072373500735026
2019-01-08,1.5543691707266902,1.7833139543253547,1.679016184687843,1.5021747564913308,1.5543691707266902,1.7833139543253547,1.5343291626536777,1.5106735152615884
2019-01-09,1.5560115051678043,1.7900564797505685,1.694375768507598,1.505074328785584,1.5560115051678043,1.7900564797505685,1.5419868615021513,1.5135724502986225
2019-01-10,1.5559391722878086,1.7878802278785049,1.693585113120186,1.5052758791997116,1.5559391722878086,1.7878802278785049,1.55011278616401,1.5135910716630478
2019-01-11,1.551342888509247,1.7777321636607788,1.6707598448862484,1.5005684254061904,1.551342888509247,1.7777321636607788,1.5384760177643464,1.5089053101944017
2019-01-14,1.5429712072445054,1.7694849977241351,1.634838255846397,1.4916263334794488,1.5429712072445054,1.7694849977241351,1.493289640565394,1.4996639915647634
2019-01-15,1.5615754594657543,1.801650596242946,1.6442023706559734,1.5093019352486323,1.5615754594657543,1.801650596242946,1.509376764010972,1.517699373877707
2019-01-16,1.5614932368907268,1.8038045938901495,1.6378926284887656,1.508757778269299,1.5614932368907268,1.8038045938901495,1.5087590483767743,1.5173275515768223
2019-01-17,1.5611142643950833,1.8045916062215839,1.6469189286656183,1.5090442815519112,1.5611142643950833,1.8045916062215839,1.517922563106036,1.5175524644409724
2019-01-18,1.555232728113415,1.815681371118175,1.6012935245498647,1.5041213694076143,1.555232728113415,1.815681371118175,1.5008400442977772,1.5125501651423068
2019-01-21,1.5522923943434384,1.836588196690008,1.5979341916645797,1.5010176036816207,1.5522923943434384,1.836588196690008,1.486324280240576,1.5094572738874799
2019-01-22,1.5481095943393304,1.8315683706567116,1.6128885732800047,1.49662537106293,1.5481095943393304,1.8315683706567116,1.4858806091371004,1.505198701987111
2019-01-23,1.5426593101734374,1.818343493373089,1.5905881757110496,1.490149291546888,1.5426593101734374,1.818343493373089,1.4703624717660824,1.4987760759148814
2019-01-24,1.540638494697713,1.8267707597334721,1.581806302168597,1.4888352837609675,1.540638494697713,1.8267707597334721,1.4586313031434601,1.49732371980668
2019-01-25,1.5261636646310108,1.8195722470252236,1.5706063345728254,1.4748009906772166,1.5261636646310108,1.8195722470252236,1.456067558862807,1.4831680141467605
2019-01-28,1.5043667214743652,1.8030170963298071,1.603213409465629,1.455777421286793,1.5043667214743652,1.8030170963298071,1.4795142268551076,1.4649664578440451
2019-01-29,1.511867996105129,1.8032269318369545,1.5929087313896886,1.4614835160941917,1.511867996105129,1.8032269318369545,1.4782301721381732,1.470865812973593
2019-01-30,1.516872450742311,1.802639029492783,1.5440449990814797,1.4662170130201728,1.516872450742311,1.802639029492783,1.4565361741372091,1.4754020083548176
2019-01-31,1.5338413386501377,1.8341124194645892,1.5562684601527046,1.483235399409877,1.5338413386501377,1.8341124194645892,1.4974199778121526,1.4933613279727966
2019-02-01,1.5486322199036124,1.8517083078153382,1.529942770116214,1.496775633545991,1.5486322199036124,1.8517083078153382,1.4867378914437208,1.5071100546566847
2019-02-04,1.5384416983927054,1.862519719805618,1.5960466556368358,1.4886822719539272,1.5384416983927054,1.862519719805618,1.4988965453455254,1.498912029339212
2019-02-05,1.541913506629271,1.865321802546514,1.545005977830257,1.4914950261888889,1.541913506629271,1.865321802546514,1.5157962203168225,1.5016697944981219
2019-02-06,1.5638871330498036,1.888173894665029,1.5878262277884094,1.5121894470130859,1.5638871330498036,1.888173894665029,1.5181610837634705,1.522463757225518
2019-02-07,1.5720180962986967,1.8864907480369066,1.6108162071005125,1.519014412997975,1.5720180962986967,1.8864907480369066,1.5175719792129125,1.5293830896007041
2019-02-08,1.5507746714583948,1.8683022659768813,1.5861767985547566,1.497906341833711,1.5507746714583948,1.8683022659768813,1.506851848443739,1.5076988210724787
2019-02-11,1.5322084055303904,1.8514898020174937,1.5463500282731626,1.4815881578238197,1.5322084055303904,1.8514898020174937,1.488165945984607,1.492006565233824
2019-02-12,1.5316466282691263,1.8460755920680296,1.5646854979959548,1.4805724042615096,1.5316466282691263,1.8460755920680296,1.5136355790303138,1.4917695779236497
2019-02-14,1.5183688576240661,1.8217572985028883,1.5671189155879335,1.466540037285797,1.5183688576240661,1.8217572985028883,1.527292377412722,1.4793985556521276
2019-02-15,1.511215650967547,1.82242105355648,1.541742456026305,1.4611499751856303,1.511215650967547,1.82242105355648,1.5444432358364404,1.4732954960099072
2019-02-18,1.4994838290339418,1.7997622528750945,1.4903941960357383,1.4502605456285265,1.4994838290339418,1.7997622528750945,1.5423699832889275,1.4623186211732866
2019-02-19,1.4985401487073085,1.7901606433098316,1.5271446522903802,1.448796948432909,1.4985401487073085,1.7901606433098316,1.52469305369131,1.4597550125341903
2019-02-20,1.518256755045953,1.8123982113781067,1.5146395355817481,1.467361805117374,1.518256755045953,1.8123982113781067,1.5424220442738614,1.4786859104899341
2019-02-21,1.5287199692552078,1.8223144524029138,1.5450890972552234,1.4773821584791982,1.5287199692552078,1.8223144524029138,1.5451751518384724,1.4882477768087863
2019-02-22,1.537928985972586,1.8222758190838455,1.5236491783877746,1.4850619414628274,1.537928985972586,1.8222758190838455,1.54000281037323,1.495682090761412
2019-02-25,1.549803910825362,1.8391789603590507,1.5891883535102156,1.496422775435489,1.549803910825362,1.8391789603590507,1.555924871973678,1.507791012112591
2019-02-26,1.548604655662383,1.834963403261871,1.6189569489808118,1.495603203179095,1.548604655662383,1.834963403261871,1.5766993720218625,1.5065890057031122
2019-02-27,1.5482260518649964,1.8344870558347124,1.598087096970648,1.4946697662567592,1.5482260518649964,1.8344870558347124,1.5932682995557899,1.5057502648099406
2019-02-28,1.5461677369461486,1.8280346927710205,1.5938501922251702,1.4937436408836027,1.5461677369461486,1.8280346927710205,1.5965746878459306,1.5038772764469193
2019-03-01,1.5559067673561453,1.8334490777744696,1.6215622905889138,1.502206453958713,1.5559067673561453,1.8334490777744696,1.5953801178087348,1.5128649271315224
2019-03-05,1.5790714755246122,1.8496900588702265,1.6205615130004816,1.521888172870909,1.5790714755246122,1.8496900588702265,1.5982422209798117,1.5327541701206435
2019-03-06,1.585740465084972,1.8635389010306707,1.6358432895937116,1.5285144342814787,1.585740465084972,1.8635389010306707,1.5976808578255355,1.538645272990519
2019-03-07,1.5784767251458314,1.8650707012061234,1.6358209685490404,1.5227321480787281,1.5784767251458314,1.8650707012061234,1.6046070441465126,1.532760662248248
2019-03-08,1.5746127965307672,1.8612285483817117,1.6555947577641075,1.5190412945319036,1.5746127965307672,1.8612285483817117,1.6178368028567702,1.5290386572687846
2019-03-11,1.6028444417259924,1.8900242987473619,1.6811313476311727,1.5442339521732484,1.6028444417259924,1.8900242987473619,1.6319942940201275,1.554055779505772
2019-03-12,1.617194753677376,1.9134363315208474,1.6952177955801393,1.5578288579683888,1.617194753677376,1.9134363315208474,1.6430381379538128,1.5677913158254686
2019-03-13,1.6127130310184303,1.919188077716393,1.708631916129186,1.5555542982472856,1.6127130310184303,1.919188077716393,1.6945473178563666,1.5657441941500025
2019-03-14,1.6158539032993602,1.91642455512525,1.6913231962565585,1.5586803990319318,1.6158539032993602,1.91642455512525,1.6857492683713398,1.5687723704864274
2019-03-15,1.6223767546635466,1.9228662160325198,1.7012720910904333,1.5658127328078297,1.6223767546635466,1.9228662160325198,1.7095433214950517,1.575444207627417
2019-03-18,1.6238781949901944,1.9305672354763854,1.707346937004616,1.5674703334707885,1.6238781949901944,1.9305672354763854,1.7137150620713506,1.5773219279103992
2019-03-19,1.6311257154276306,1.9470554776948,1.7370622401882094,1.5753005448847974,1.6311257154276306,1.9470554776948,1.737272079154677,1.5853424864187438
2019-03-20,1.6196183770167805,1.9434042255667696,1.7118702863992181,1.5651325017146023,1.6196183770167805,1.9434042255667696,1.6988771231135351,1.5754993900945653
2019-03-22,1.6164860070693206,1.9278979684527577,1.6994405553004703,1.5623289605217103,1.6164860070693206,1.9278979684527577,1.6822426714960086,1.572531714247005
2019-03-25,1.6078309889145936,1.91095488498498,1.637629411186319,1.5551318190885293,1.6078309889145936,1.91095488498498,1.6584032930514445,1.565126808988371
2019-03-26,1.6232712743479134,1.9377218692847058,1.673432792118681,1.5694849530222057,1.6232712743479134,1.9377218692847058,1.69198602389163,1.5795866368166436
2019-03-27,1.6181191523201088,1.9273049451770539,1.6485585105888292,1.565212174019012,1.6181191523201088,1.9273049451770539,1.7094958582822912,1.5754182819287863
2019-03-28,1.629971443241387,1.9473035931181906,1.7137606274147033,1.576623707627535,1.629971443241387,1.9473035931181906,1.7684372679489397,1.5866749068894404
2019-04-01,1.6520354035557845,1.9748981052684809,1.7065289192124429,1.5941792368548595,1.6520354035557845,1.9748981052684809,1.7300914071784392,1.6042119618465678
2019-04-02,1.653818577389359,1.982448501755679,1.6872484801142626,1.5957547322675831,1.653818577389359,1.982448501755679,1.7447020069341277,1.6060417049714188
2019-04-03,1.6435193119019214,1.968683369969574,1.6839886351613667,1.5863785799164696,1.6435193119019214,1.968683369969574,1.7265554252487327,1.5964314929251628
2019-04-04,1.6409100467688955,1.952108439225334,1.690237545261789,1.5836262032582404,1.6409100467688955,1.952108439225334,1.7203633087843686,1.593268158049908
2019-04-05,1.6505983000745086,1.9622548214364115,1.6729508122194434,1.5921090999236351,1.6505983000745086,1.9622548214364115,1.7229377948003826,1.6017682878621655
2019-04-08,1.6423587366670558,1.9517381549743789,1.66989338930996,1.5854786458431536,1.6423587366670558,1.9517381549743789,1.7217172419737172,1.594828541661727
2019-04-09,1.6530560174266897,1.9616611256011411,1.6889605405794634,1.5944161575048552,1.6530560174266897,1.9616611256011411,1.714830695732032,1.6043108259081222
2019-04-10,1.6457720190257645,1.9460031364831043,1.7010009698393211,1.5876316662368768,1.6457720190257645,1.9460031364831043,1.6878773146197945,1.5973559369395305
2019-04-11,1.6475981152861447,1.950964481987848,1.7125239231297795,1.590262117342536,1.6475981152861447,1.950964481987848,1.7231250136238851,1.5999350645625554
2019-04-12,1.6548628647502137,1.955144662638402,1.7329992946049415,1.5974968232849023,1.6548628647502137,1.955144662638402,1.7396572159868025,1.607087290479601
2019-04-15,1.6663122069597032,1.9685753818774858,1.7245890157869708,1.6082058156529,1.6663122069597032,1.9685753818774858,1.7458740694278063,1.6180025688194248
2019-04-16,1.6782811309923995,1.9818171823102064,1.7315966569622745,1.6201201366867832,1.6782811309923995,1.9818171823102064,1.770729236819,1.6300620462298159
2019-04-18,1.6699377800730428,1.9901536056506262,1.71793123827262,1.6127786380207412,1.6699377800730428,1.9901536056506262,1.7354520914460256,1.6221318854056537
2019-04-22,1.6519019681711995,1.9671510977190767,1.721308901743002,1.5974988592675587,1.6519019681711995,1.9671510977190767,1.7222010376616266,1.6062928196759776
2019-04-23,1.6489782596434042,1.9699778915573107,1.7115260723592642,1.5948726521716208,1.6489782596434042,1.9699778915573107,1.6965701244403921,1.6033854134072154
2019-04-24,1.6668294709421316,1.9966549269132363,1.7506826176987071,1.611692810101194,1.6668294709421316,1.9966549269132363,1.749079802712936,1.6204591479218287
2019-04-25,1.663880479159186,1.9856405018097654,1.7470946807580467,1.608404333216903,1.663880479159186,1.9856405018097654,1.7804850765442162,1.6168265396254482
2019-04-26,1.6746015982304356,2.0072579903770262,1.7390588137472287,1.6188389395572451,1.6746015982304356,2.0072579903770262,1.807900906199607,1.6276958913592192
2019-04-30,1.6722629247234622,2.01294345138623,1.7654423246962359,1.6174960056266108,1.6722629247234622,2.01294345138623,1.835221991656391,1.6260096729259073
2019-05-02,1.6637204771005316,2.005114056454453,1.7606085757467846,1.6093719229221257,1.6637204771005316,2.005114056454453,1.7770124533473646,1.617245161325937
2019-05-03,1.66095575277282,1.997832868277312,1.7549379908660518,1.6062280785897094,1.66095575277282,1.997832868277312,1.7494113458676392,1.6140110893963535
2019-05-06,1.6465853947451943,1.9812921185941834,1.7200234751825632,1.5920259743831786,1.6465853947451943,1.9812921185941834,1.7801198415358472,1.5999992885703866
2019-05-07,1.6348839502439707,1.9600611783555446,1.7272884866816123,1.5831444152310281,1.6348839502439707,1.9600611783555446,1.7706473710001644,1.590423613661709
2019-05-08,1.6202012731363884,1.9343116171517858,1.7237570285618127,1.5691078401423992,1.6202012731363884,1.9343116171517858,1.7923630086057303,1.5762278860968282
2019-05-09,1.6133326382062265,1.9171629337719158,1.7322050322105123,1.56383011198182,1.6133326382062265,1.9171629337719158,1.7772247043478795,1.5701521443595576
2019-05-10,1.6074360331814452,1.9104929228006828,1.7395088834345367,1.5585783153398578,1.6074360331814452,1.9104929228006828,1.7788581662032692,1.5638387152264952
2019-05-13,1.5843305558016336,1.889285954874643,1.7572736141049075,1.5390767935490486,1.5843305558016336,1.889285954874643,1.7449569585907039,1.544216592478603
2019-05-14,1.592747375958555,1.9027550574030907,1.750628274872274,1.5453024120992311,1.592747375958555,1.9027550574030907,1.7814168170286482,1.5508922965748484
2019-05-15,1.58183113303078,1.8947958447590223,1.7476961131045727,1.5366290698261549,1.58183113303078,1.8947958447590223,1.8119978045404386,1.541095509133021
2019-05-16,1.6002911591305367,1.9126877701858687,1.8085260514978676,1.5529302614550988,1.6002911591305367,1.9126877701858687,1.874242215732352,1.5575093187310491
2019-05-17,1.6188576616176709,1.9289113084568716,1.8472815014403845,1.572358632363578,1.6188576616176709,1.9289113084568716,1.8955033598737585,1.576198169015043
2019-05-20,1.67875669960116,1.9974292874190602,1.8784321672474817,1.6239415062289686,1.67875669960116,1.9974292874190602,1.872469813677136,1.629902359862161
2019-05-21,1.65962695016131,1.983043185143093,1.8824714360573773,1.6075136838442163,1.65962695016131,1.983043185143093,1.8358945451975806,1.6127160012953776
2019-05-22,1.6672780102158506,1.9856075781765796,1.8752750247892789,1.6135425691154468,1.6672780102158506,1.9856075781765796,1.8675271930313944,1.6192996917646787
2019-05-23,1.665884235763515,1.9734005262938152,1.8605271544174429,1.6097383011846735,1.665884235763515,1.9734005262938152,1.8640290788531984,1.6167999135698867
2019-05-24,1.6913818709759718,1.9967186275143978,1.8736099009558498,1.6330322048812693,1.6913818709759718,1.9967186275143978,1.894872068405426,1.6409096778435384
2019-05-27,1.6996569855287031,1.9980590329435195,1.881303520177083,1.641592034904468,1.6996569855287031,1.9980590329435195,1.8871658774182742,1.6494991077589372
2019-05-28,1.6983962197785267,2.005393539094429,1.8942355085882834,1.6403281722279,1.6983962197785267,2.005393539094429,1.8925504060645058,1.6489179156196063
2019-05-29,1.6859900785304442,1.9963026690998953,1.89100890988236,1.6300017822391826,1.6859900785304442,1.9963026690998953,1.8509421213143766,1.6376566942474937
2019-05-30,1.692218257719668,2.013865247181761,1.897071841274559,1.6363354445978249,1.692218257719668,2.013865247181761,1.8913113503152144,1.6443179087299158
2019-05-31,1.6931445368478932,2.017590128126707,1.8943279810599396,1.6369879048064082,1.6931445368478932,2.017590128126707,1.9252222973822983,1.6449210574667743
2019-06-03,1.7220745839633596,2.051072753611111,1.9049701093676958,1.6644803558127848,1.7220745839633596,2.051072753611111,1.8956583037107808,1.6723227347721479
2019-06-04,1.7114623139611023,2.0359321824506873,1.8974699385228453,1.6539317146805803,1.7114623139611023,2.0359321824506873,1.8755919750969108,1.661814620919318
2019-06-06,1.6938757005859697,2.0124601869588816,1.8697676621261605,1.6395340106590426,1.6938757005859697,2.0124601869588816,1.841727474822738,1.6451385275878276
2019-06-07,1.6940025420916758,2.0126702113074137,1.841706659585305,1.6388940639947944,1.6940025420916758,2.0126702113074137,1.8126120550434286,1.6444062655178722
2019-06-10,1.7023999336794242,2.0275722822334203,1.8997320874586316,1.648884679139805,1.7023999336794242,2.0275722822334203,1.8636414942351018,1.6543660437120205
2019-06-11,1.7082529559936244,2.036779600889869,1.910191971429425,1.6532725456540123,1.7082529559936244,2.036779600889869,1.8747190574010553,1.6588727959684784
2019-06-12,1.7009526705321631,2.03237858007194,1.8744698061673823,1.6460399733710787,1.7009526705321631,2.03237858007194,1.8415515700749905,1.6516853679766164
2019-06-13,1.701857458937392,2.0336299635720496,1.8753162931832719,1.6474478647112554,1.701857458937392,2.0336299635720496,1.8433726305122995,1.653140068593215
2019-06-14,1.6866820492591093,2.018847141685292,1.8531199302820855,1.633219190462627,1.6866820492591093,2.018847141685292,1.8216882146414988,1.63904340546631
2019-06-17,1.6629499654829465,1.990113217585209,1.8046118933012807,1.6119482319905878,1.6629499654829465,1.990113217585209,1.7836200054632863,1.6177424449933007
2019-06-18,1.6681628987287997,1.9939480892715047,1.7944083402254232,1.616881160931223,1.6681628987287997,1.9939480892715047,1.778953657079688,1.6227652610848473
2019-06-19,1.6612219815197438,1.9922396441708117,1.742391805402367,1.6110535674965538,1.6612219815197438,1.9922396441708117,1.7322410147062557,1.6167962497640749
2019-06-20,1.6829422841618469,2.017263174761193,1.7077467268403264,1.6285166699753368,1.6829422841618469,2.017263174761193,1.6997753740582466,1.6339241518876284
2019-06-21,1.6726409719045856,1.998605269212452,1.7175607620202482,1.6186529488672772,1.6726409719045856,1.998605269212452,1.7060371397663057,1.6240810850414231
2019-06-24,1.6684889383996941,1.992934140385326,1.691255408245197,1.614796329930427,1.6684889383996941,1.992934140385326,1.6859929197796508,1.6204145929282927
2019-06-25,1.6812164568651606,2.0127177773875666,1.726606829575341,1.6258021386300687,1.6812164568651606,2.0127177773875666,1.7162523507902154,1.6316027451839232
2019-06-26,1.6937897985311448,2.0185243710470604,1.717907624929582,1.636740954386683,1.6937897985311448,2.0185243710470604,1.71473668806595,1.6428209869908161
2019-06-27,1.6934150348810104,2.011237096352869,1.6878464748642048,1.6353873919166675,1.6934150348810104,2.011237096352869,1.6859571217354936,1.6413191779317118
2019-06-28,1.6889802869972392,1.9990023169077826,1.7095370812057618,1.6322249838469656,1.6889802869972392,1.9990023169077826,1.7043726767336045,1.6379947494809228
2019-07-01,1.694623542295712,2.010008246046699,1.7162616044933516,1.6374683022285355,1.694623542295712,2.010008246046699,1.7109163831244074,1.6431370592093224
2019-07-02,1.700353542632754,2.01943786558286,1.7327688175346059,1.6431767670963153,1.700353542632754,2.01943786558286,1.7311993559191874,1.6491298021899954
2019-07-03,1.7006824005478014,2.018591984693628,1.723621180671907,1.642488673686812,1.7006824005478014,2.018591984693628,1.7246467126800686,1.648548721670782
2019-07-04,1.7066657634532614,2.0237922792693217,1.7191090212900368,1.648200475326416,1.7066657634532614,2.0237922792693217,1.7595035109564463,1.6552717522730995
2019-07-05,1.6764445356848143,1.9928586316886319,1.6863705718710442,1.6206192427387522,1.6764445356848143,1.9928586316886319,1.7179277651024312,1.627389675341127
2019-07-08,1.634512554670145,1.9582989692776993,1.6096418184661265,1.5811174642153376,1.634512554670145,1.9582989692776993,1.6784032426413478,1.5884700566347894
2019-07-09,1.6382611267378426,1.9634889304959757,1.5700066023071435,1.5816981908291297,1.6382611267378426,1.9634889304959757,1.7032507551543328,1.5884349934160964
2019-07-10,1.6245031380487946,1.953068520200341,1.5871861178000681,1.5703144582422892,1.6245031380487946,1.953068520200341,1.6790525602073225,1.5766899026678869
2019-07-11,1.6392608042361472,1.9632777342863512,1.5709800563083836,1.5828398841209241,1.6392608042361472,1.9632777342863512,1.6998922806103565,1.5894628061225242
2019-07-12,1.6381385686677834,1.9604215692143108,1.5646495776154326,1.5809166677745232,1.6381385686677834,1.9604215692143108,1.6648071254084251,1.5880489065894203
2019-07-15,1.6399957082840984,1.9686720033799454,1.5552385488096632,1.5838820763889032,1.6399957082840984,1.9686720033799454,1.7094932302559176,1.59153991241976
2019-07-16,1.6541539059839339,1.9807568916096356,1.5796737362375213,1.5968106635217765,1.6541539059839339,1.9807568916096356,1.7057042396358937,1.6040978143306817
2019-07-17,1.6544875814688857,1.9817770946320996,1.5704782445830143,1.59831679333534,1.6544875814688857,1.9817770946320996,1.726465610584251,1.6064142609576395
2019-07-18,1.6344476821265166,1.9573315391466575,1.559995859448949,1.5805439358570819,1.6344476821265166,1.9573315391466575,1.7083950930861809,1.5880518353729516
2019-07-19,1.6082965623106689,1.9344972726108667,1.5589245321212506,1.5565652173112545,1.6082965623106689,1.9344972726108667,1.670549266077929,1.5632358302195353
2019-07-22,1.6071994205435742,1.9408296375261995,1.5259471548285126,1.5526645973427606,1.6071994205435742,1.9408296375261995,1.6839902452183118,1.5594212353848855
2019-07-23,1.609113914807818,1.9398589083546112,1.5186576307029058,1.5553858151230238,1.609113914807818,1.9398589083546112,1.703311988302119,1.561769180918046
2019-07-24,1.5881095502349993,1.9257621411547161,1.5099264520581201,1.5389349680478377,1.5881095502349993,1.9257621411547161,1.6452928735980559,1.544311371187588
2019-07-25,1.5860342304817172,1.9191695270497369,1.5143225554069664,1.5371236369063226,1.5860342304817172,1.9191695270497369,1.6459700100996117,1.5429290913368614
2019-07-26,1.6019196543844945,1.9189940306619435,1.5078432080002544,1.5509972404914516,1.6019196543844945,1.9189940306619435,1.6254968252535842,1.556812870945973
2019-07-29,1.5794690179845938,1.9092130280476602,1.4707664027303669,1.5304662582276587,1.5794690179845938,1.9092130280476602,1.5809891302282744,1.535363075485011
2019-07-30,1.5572957172676996,1.8938304717376877,1.4598167227530472,1.5130509781816741,1.5572957172676996,1.8938304717376877,1.5601545824111247,1.5171360041507167
2019-07-31,1.571506684609356,1.8962460566639512,1.4422582700834423,1.5240010565244597,1.571506684609356,1.8962460566639512,1.5451653591772814,1.5289011861390602
2019-08-01,1.5555365265539793,1.8813961831410488,1.3893848070634667,1.5094845005097872,1.5555365265539793,1.8813961831410488,1.5222572990457992,1.5142149580364774
2019-08-02,1.556346188471043,1.8889534291516914,1.370572408361099,1.5097495294436654,1.556346188471043,1.8889534291516914,1.5576938644408014,1.5150261841333872
2019-08-05,1.5373929250114307,1.864716313160902,1.3920786034126114,1.4939828979070493,1.5373929250114307,1.864716313160902,1.5480000372798903,1.497037635575863
2019-08-06,1.5569147404618666,1.8694923301850734,1.4220617609503663,1.5100173629370124,1.5569147404618666,1.8694923301850734,1.5567881730796702,1.513118881260211
2019-08-07,1.5429036836446004,1.8536037013916657,1.413483238874872,1.4990608314932348,1.5429036836446004,1.8536037013916657,1.5722944649373953,1.5019296781448197
2019-08-08,1.5658553260357653,1.8933997993730394,1.4027220815151118,1.5215094936614209,1.5658553260357653,1.8933997993730394,1.624677953080282,1.523779836229745
2019-08-09,1.5719907886936253,1.9044328717199854,1.3757014528497093,1.52666203167629,1.5719907886936253,1.9044328717199854,1.6033677065576122,1.5295151004305108
2019-08-13,1.5351809948418984,1.9083228111172792,1.3004748481898922,1.4929350928437584,1.5351809948418984,1.9083228111172792,1.564146233968214,1.4941669381026244
2019-08-14,1.5532730840560467,1.9264348578749402,1.2832397631259918,1.5081385333919928,1.5532730840560467,1.9264348578749402,1.587259701731192,1.5107728589642109
2019-08-16,1.5621448491546754,1.92383277042918,1.2817320071762457,1.5150229202159622,1.5621448491546754,1.92383277042918,1.603255104751413,1.5189631831088044
2019-08-19,1.5609113919815674,1.927525417659507,1.2854276461739318,1.5140347169625874,1.5609113919815674,1.927525417659507,1.6076330683841136,1.5171958598751174
2019-08-20,1.5548267736442871,1.92321912213909,1.2672057302977568,1.5093278110794963,1.5548267736442871,1.92321912213909,1.6173276476554834,1.5127850858084926
2019-08-21,1.5391399067041531,1.9121989276510167,1.259730498088678,1.497097073838585,1.5391399067041531,1.9121989276510167,1.6220261864342285,1.499420660437311
2019-08-22,1.5176328071318128,1.889573360555544,1.2606464672949722,1.4799050743036786,1.5176328071318128,1.889573360555544,1.6436051522203692,1.4805796031613376
2019-08-23,1.5360611916500009,1.909851801269479,1.2676145703736763,1.4945584761497055,1.5360611916500009,1.909851801269479,1.6805649901422184,1.4968894997376423
2019-08-26,1.5580681845757316,1.9335531285968914,1.306278989651519,1.5156232111004286,1.5580681845757316,1.9335531285968914,1.6739583408327716,1.5184467771983223
2019-08-27,1.568142649332417,1.9358976424606944,1.2962881686157643,1.524291294858677,1.568142649332417,1.9358976424606944,1.6573912083779978,1.527204737631583
2019-08-28,1.5589803722810254,1.9256829238055666,1.2889058499882664,1.5169147358612969,1.5589803722810254,1.9256829238055666,1.6584370135918698,1.5184964281257938
2019-08-29,1.5563397926374114,1.9114728335875188,1.303171931797403,1.5140277543754759,1.5563397926374114,1.9114728335875188,1.6752320721381044,1.515535439462769
2019-08-30,1.5667307761153797,1.9245960001743991,1.3092827842527985,1.5228767615488588,1.5667307761153797,1.9245960001743991,1.6906232742331222,1.5246409671016985
2019-09-03,1.5382394636828276,1.8862376436117811,1.2850751372513247,1.496721482568936,1.5382394636828276,1.8862376436117811,1.7128963950528473,1.4985969179399188
2019-09-04,1.5411589058497626,1.8910917208254445,1.2963535597092937,1.4999442147513011,1.5411589058497626,1.8910917208254445,1.7184799095383916,1.5011026877124443
2019-09-05,1.5535020714430694,1.8918849363987325,1.3084937214180161,1.5101182027757087,1.5535020714430694,1.8918849363987325,1.7372139529001616,1.511216317791089
2019-09-06,1.5705326093336072,1.9091077461988148,1.3065092411728991,1.5251320558984496,1.5705326093336072,1.9091077461988148,1.7404341848310232,1.5261090192395563
2019-09-09,1.5800538023185862,1.9154530923015127,1.3163244297868766,1.5333254656322648,1.5800538023185862,1.9154530923015127,1.7456334768469473,1.5341653912559303
2019-09-11,1.5863328080640207,1.9189334337434323,1.288393160527932,1.536852847038997,1.5863328080640207,1.9189334337434323,1.7261573371746226,1.5376580538400324
2019-09-12,1.5780033274702823,1.9033837686797301,1.2747901314093872,1.5287920494553684,1.5780033274702823,1.9033837686797301,1.7033799972899788,1.5293809851030973
2019-09-13,1.5917204565000498,1.919385962552619,1.2745948828763354,1.5410368191441057,1.5917204565000498,1.919385962552619,1.7034535053110753,1.5415345632665536
2019-09-16,1.58465428089496,1.9097959348957578,1.2684875507075444,1.5355960899506023,1.58465428089496,1.9097959348957578,1.689393113713972,1.5360450688439622
2019-09-17,1.5557322856495752,1.882805845969561,1.2436606024482286,1.5097321457805253,1.5557322856495752,1.882805845969561,1.6657439405814942,1.5102179602504229
2019-09-18,1.561334454244209,1.8895241221264922,1.2457217271106695,1.5147370378037526,1.561334454244209,1.8895241221264922,1.6728736118108962,1.515281449224376
2019-09-19,1.5426062602346688,1.863652311452157,1.2248697773929853,1.4972777590310997,1.5426062602346688,1.863652311452157,1.6582949175414776,1.4978630820025234
2019-09-20,1.6285524957755633,1.9575714564077842,1.2846849784661576,1.576355674088167,1.6285524957755633,1.9575714564077842,1.7305028382540852,1.5766568178798304
2019-09-23,1.6655726939679765,1.9808610115923813,1.314755007351398,1.6103812496984884,1.6655726939679765,1.9808610115923813,1.7631268177427462,1.6102446576558056
2019-09-24,1.6565610269870428,1.9932100347803834,1.318297330222539,1.603737746647401,1.6565610269870428,1.9932100347803834,1.7701639389276378,1.6037204694869793
2019-09-25,1.6373432072744671,1.9795799232492504,1.2871012102419823,1.586814640591372,1.6373432072744671,1.9795799232492504,1.762758058283465,1.5869834792577966
2019-09-26,1.6643853266485598,2.0004950769761,1.3030358059211498,1.6104350054072682,1.6643853266485598,2.0004950769761,1.787258062480909,1.6103055272029476
2019-09-27,1.6486186525910285,1.9948486382752604,1.3096387197171144,1.5967572912417207,1.6486186525910285,1.9948486382752604,1.7778251208681304,1.5965661086364449
2019-09-30,1.6442067982352773,2.0043775845544354,1.331618562441638,1.594025639795679,1.6442067982352773,2.0043775845544354,1.7979189139015157,1.5939650308935656
2019-10-01,1.6206615962436135,1.9755404668618575,1.3217245449705082,1.5726099658473172,1.6206615962436135,1.9755404668618575,1.7858305637302088,1.572598486318028
2019-10-03,1.6165339136929886,1.9702108426031282,1.2913958186192442,1.5690560886547567,1.6165339136929886,1.9702108426031282,1.7837283872469845,1.5689369997406801
2019-10-04,1.5961432175149812,1.95235612524279,1.2683830107010952,1.550832395919898,1.5961432175149812,1.95235612524279,1.781624746289293,1.5498040904196027
2019-10-07,1.5868664384793651,1.9440975437911263,1.2877087574479011,1.5429041057460602,1.5868664384793651,1.9440975437911263,1.7830879299626587,1.5420684734979246
2019-10-09,1.6119675221029752,1.9700052900297802,1.3385216831992102,1.5651909333326068,1.6119675221029752,1.9700052900297802,1.796021546486365,1.5650691865584327
2019-10-10,1.6038764404083459,1.9723494479671504,1.3304224596869223,1.5586148303050575,1.6038764404083459,1.9723494479671504,1.790559292425447,1.5576889031973047
2019-10-11,1.6192425566329796,1.9808340727416356,1.3422731629389353,1.574389654477738,1.6192425566329796,1.9808340727416356,1.8039411856864556,1.5731809047341547
2019-10-14,1.6319245666115885,1.9913487779777057,1.3187414918746263,1.5858398590962974,1.6319245666115885,1.9913487779777057,1.7901343995940031,1.5842762151393317
2019-10-15,1.6494452888457023,2.005604747068613,1.3144220312192882,1.6019186993898495,1.6494452888457023,2.005604747068613,1.7841023541527126,1.6007612517812926
2019-10-16,1.6567646413533719,2.0127401553016413,1.306882446602754,1.6081476412096103,1.6567646413533719,2.0127401553016413,1.7818888458212918,1.6065716445303881
2019-10-17,1.6753791315793765,2.0362344484719395,1.3309636976165369,1.6238592504024014,1.6753791315793765,2.0362344484719395,1.7895643001944577,1.6230979412816524
2019-10-18,1.691123888059729,2.054503596703148,1.3469248551225934,1.6385679940473683,1.691123888059729,2.054503596703148,1.7923939246506162,1.6373660645784354
2019-10-22,1.687254517984364,2.035962742385573,1.3431238482330559,1.6346283813141327,1.687254517984364,2.035962742385573,1.8111546287921267,1.6331630627048936
2019-10-23,1.688710142441243,2.035518613510293,1.3507578852670996,1.6365283219669886,1.688710142441243,2.035518613510293,1.79251149650077,1.6353973213371158
2019-10-24,1.6839741752234139,2.0448206548830203,1.3390289485286577,1.632602883621482,1.6839741752234139,2.0448206548830203,1.7832457427042645,1.6309364223164653
2019-10-25,1.68592449936232,2.0539264632236724,1.373467097686239,1.6347146542408804,1.68592449936232,2.0539264632236724,1.7765691066578024,1.6334697427733518
2019-10-27,1.6890437151415263,2.0581224617049387,1.3594730432708395,1.6377142571811052,1.6890437151415263,2.0581224617049387,1.7797427764633875,1.6365083386953982
2019-10-29,1.7124716173975831,2.0898980226150674,1.3954556805009835,1.6583284371123215,1.7124716173975831,2.0898980226150674,1.7899761377358403,1.6572637686881955
2019-10-30,1.7179372348268507,2.1076588390668,1.4036357984550465,1.6646473374208461,1.7179372348268507,2.1076588390668,1.7971455830604328,1.663711794332194
2019-10-31,1.7292158652122107,2.1141679172093437,1.4013851443292507,1.6752686493128066,1.7292158652122107,2.1141679172093437,1.7715955728440598,1.673088080238163
2019-11-01,1.7309812003430232,2.1073362935994773,1.3883846917733604,1.6750529181260092,1.7309812003430232,2.1073362935994773,1.747814222801883,1.6729112761371898
2019-11-04,1.7368567942513877,2.1130747732644677,1.381830386970523,1.6792850394196024,1.7368567942513877,2.1130747732644677,1.740494772029994,1.6772906816693898
2019-11-05,1.7310793515690046,2.108132539994682,1.3718493113251606,1.6752051878916598,1.7310793515690046,2.108132539994682,1.730234794094686,1.672532698086857
2019-11-06,1.732820710062885,2.1068727049621634,1.3619804885426507,1.6762413135883434,1.732820710062885,2.1068727049621634,1.736331640450522,1.6753181405577826
2019-11-07,1.7362289849187138,2.1171061038773287,1.3701105056928042,1.6795132206093608,1.7362289849187138,2.1171061038773287,1.7390921980914877,1.6784788106932937
2019-11-08,1.7169978694310757,2.092988529149434,1.3487179922313912,1.659482032968429,1.7169978694310757,2.092988529149434,1.7004382146414845,1.6593738630690569
2019-11-11,1.715331351205866,2.0853598155350577,1.344915135743879,1.656775928655738,1.715331351205866,2.0853598155350577,1.6790460908201643,1.656812419685383
2019-11-13,1.6970611317722737,2.0918887783112092,1.3364038698863068,1.640728627078728,1.6970611317722737,2.0918887783112092,1.7014632359658899,1.6406793437250915
2019-11-14,1.6961205463821931,2.094358637061363,1.3270848043719707,1.6398844773054975,1.6961205463821931,2.094358637061363,1.6940999362892932,1.6403893809430998
2019-11-15,1.7001676144765356,2.102234072156814,1.3396456885464325,1.6427445402430818,1.7001676144765356,2.102234072156814,1.682582375615093,1.643598865641543
2019-11-18,1.7050847089052235,2.0980545561449166,1.3410904115228401,1.6455794970026505,1.7050847089052235,2.0980545561449166,1.6595353292350996,1.6457162489688866
2019-11-19,1.709585352194955,2.1160871362723057,1.3674104638468167,1.6494261139332753,1.709585352194955,2.1160871362723057,1.6721559984611276,1.6496597170171903
2019-11-20,1.7219795922654124,2.1325740544169283,1.3865866545049554,1.6606588217272686,1.7219795922654124,2.1325740544169283,1.6926840848620328,1.6601518083593876
2019-11-21,1.7108144938536234,2.126124364228535,1.3738181315253486,1.6519567525654455,1.7108144938536234,2.126124364228535,1.6799137321135158,1.6516104370031484
2019-11-22,1.70624978939422,2.113400187584709,1.3409653156549561,1.6457633818274322,1.70624978939422,2.113400187584709,1.6542787455746821,1.6447319413762742
2019-11-25,1.73367358180309,2.140230090691515,1.3638724978810812,1.6700275678688403,1.73367358180309,2.140230090691515,1.6430342815450159,1.6687973060375099
2019-11-26,1.7217652801810408,2.1283478009184265,1.3630883058635646,1.6591940980229447,1.7217652801810408,2.1283478009184265,1.6444965478013438,1.6583356883873732
2019-11-27,1.7343344130142968,2.141047454108918,1.367318057216823,1.6707726732258086,1.7343344130142968,2.141047454108918,1.6340225576380496,1.6696040236440337
2019-11-28,1.7449143365090432,2.1532016742803823,1.3593846399305198,1.6792146987131473,1.7449143365090432,2.1532016742803823,1.636032202420492,1.6779334597501698
2019-11-29,1.7322600656990443,2.131545641951846,1.34577588767146,1.6667346150083064,1.7322600656990443,2.131545641951846,1.6216130130977355,1.6656162133440586
2019-12-02,1.7238183273089782,2.1349024323757826,1.3569223042126313,1.6590026578315331,1.7238183273089782,2.1349024323757826,1.6358320032278528,1.6587393257293799
2019-12-03,1.7111629565847812,2.128244196893577,1.3523649257214385,1.6485869255730603,1.7111629565847812,2.128244196893577,1.625832898899896,1.6480012934510264
2019-12-04,1.7235658962621272,2.133661027311887,1.3465250295454743,1.6599008668145316,1.7235658962621272,2.133661027311887,1.6194653311551073,1.6593108383670594
2019-12-05,1.712906902607349,2.131093483170856,1.3412948511175449,1.6520209134665527,1.712906902607349,2.131093483170856,1.6171716244483083,1.6514143819557503
2019-12-06,1.6976593713929018,2.1212284050943038,1.3308510286117494,1.6385189260063595,1.6976593713929018,2.1212284050943038,1.6011643851973092,1.637852023172575
2019-12-09,1.698747127775316,2.1188557116770625,1.3287572159224055,1.638268610451957,1.698747127775316,2.1188557116770625,1.60217395405424,1.6375665868684484
2019-12-10,1.6842206773596582,2.1032124915000683,1.3198889523995658,1.6242263724252337,1.6842206773596582,2.1032124915000683,1.6032088489349998,1.623540440917093
2019-12-11,1.6902380715658014,2.1105379156885946,1.3386864592243741,1.630712597107861,1.6902380715658014,2.1105379156885946,1.6355675799887057,1.6300737790439934
2019-12-12,1.703992834505815,2.116626976275041,1.3534748832529881,1.6426437300139392,1.703992834505815,2.116626976275041,1.6529627598424428,1.6420120792518758
2019-12-13,1.7179570861794777,2.137688210895646,1.353713827692447,1.6548722456723743,1.7179570861794777,2.137688210895646,1.658472422727415,1.6542417770394038
2019-12-16,1.7086827163929796,2.1317172776341105,1.3567587498477174,1.6478374452735092,1.7086827163929796,2.1317172776341105,1.667389553079345,1.6472375210625145
2019-12-17,1.7215166868873448,2.1476615019911542,1.3494110079676258,1.6590631911184321,1.7215166868873448,2.1476615019911542,1.6549168331265494,1.6583578651872513
2019-12-18,1.7262264393511861,2.1562383632911843,1.3835114280350138,1.664771453234656,1.7262264393511861,2.1562383632911843,1.6908528235064317,1.6640539986006133
2019-12-19,1.7315937952449882,2.1769372160119316,1.373585670601045,1.669563658175894,1.7315937952449882,2.1769372160119316,1.672172560980616,1.6688160244957309
2019-12-20,1.739057121726207,2.1791339362011266,1.377764391066447,1.675418113998782,1.739057121726207,2.1791339362011266,1.678926905221936,1.674616284934533
2019-12-23,1.7371183439308313,2.171266180938612,1.379327360796793,1.6737214319389797,1.7371183439308313,2.171266180938612,1.683500606412319,1.6728999161353835
2019-12-24,1.734377093216048,2.1580178837310533,1.380426727086323,1.6711080432676475,1.734377093216048,2.1580178837310533,1.6855869689619183,1.670287700518625
2019-12-26,1.727612586541547,2.1381669821075873,1.3740890632280696,1.664249638676008,1.727612586541547,2.1381669821075873,1.6854391113758305,1.6634101095102454
2019-12-27,1.7431633751662379,2.159221045148858,1.3722627228691684,1.678515044955991,1.7431633751662379,2.159221045148858,1.676343746101312,1.6777067286689127
2019-12-30,1.7492010126627513,2.1599757738301752,1.3820636976991667,1.684098467089148,1.7492010126627513,2.1599757738301752,1.6901383174864035,1.6832768194514118
2019-12-31,1.7421264570768606,2.141679258954825,1.3842394674647658,1.6771242808022813,1.7421264570768606,2.141679258954825,1.6909373308502647,1.6763972305904706
2020-01-01,1.741659432772428,2.142798197241112,1.4003164550032934,1.6784128721980347,1.741659432772428,2.142798197241112,1.7017884238538459,1.6776866652402258
2020-01-02,1.755336611722058,2.159063663755542,1.392062258725576,1.6896059556540013,1.755336611722058,2.159063663755542,1.6989568664691492,1.6893896541073574
2020-01-03,1.746194938750408,2.1570027504799913,1.3876116512389018,1.6808792931679335,1.746194938750408,2.1570027504799913,1.686524476565562,1.6820287308358732
2020-01-06,1.7170930588316176,2.121300541101639,1.3801789038889425,1.6551887571947612,1.7170930588316176,2.121300541101639,1.702820049356471,1.6573895000607186
2020-01-07,1.7234310282376775,2.132988772253227,1.3779078555676847,1.6621615107136438,1.7234310282376775,2.132988772253227,1.7336837821753133,1.6646571997657882
2020-01-08,1.7181377568195655,2.131822026255034,1.3759755310679165,1.657343809373224,1.7181377568195655,2.131822026255034,1.7201190248304388,1.6603488167814222
2020-01-09,1.742737195059978,2.1588591888593704,1.3786550890245874,1.6786770750492785,1.742737195059978,2.1588591888593704,1.711285476307,1.6805797973247727
2020-01-10,1.7506778481114709,2.16616416581814,1.3721185137341285,1.686437893562589,1.7506778481114709,2.16616416581814,1.7091343795619878,1.6882604054859354
2020-01-13,1.7645534080169032,2.177164398436715,1.3831922062601347,1.698621247406435,1.7645534080169032,2.177164398436715,1.7086119901958416,1.700730081637719
2020-01-14,1.7753287001470972,2.1806693945848536,1.3799232288098202,1.7093813277118435,1.7753287001470972,2.1806693945848536,1.700335977483331,1.7119822791128867
2020-01-15,1.776322128398902,2.1792616790501596,1.365302204420744,1.710769691247587,1.776322128398902,2.1792616790501596,1.6874921096858984,1.7127040435947753
2020-01-16,1.7781103224885169,2.1876612034258427,1.366578615680704,1.7129649474444542,1.7781103224885169,2.1876612034258427,1.6895598384222643,1.715295208927722
2020-01-17,1.781984883816511,2.2012948159246193,1.364137360263039,1.7165764482465742,1.781984883816511,2.2012948159246193,1.6743359889674934,1.7198107589247724
2020-01-20,1.76996036580986,2.171165532068698,1.3460427079377237,1.7044237686837127,1.76996036580986,2.171165532068698,1.6408305927870817,1.707877374383747
2020-01-21,1.759007271915758,2.1623399508742125,1.333977919212233,1.6934194491691452,1.759007271915758,2.1623399508742125,1.6149467606075885,1.6972035649115647
2020-01-22,1.7504233227405293,2.1605882760822874,1.3136848029309969,1.6840295310449145,1.7504233227405293,2.1605882760822874,1.5889622135214232,1.6887344093996228
2020-01-23,1.7630271817913004,2.170355382001005,1.3257799204980638,1.6947125432690147,1.7630271817913004,2.170355382001005,1.5819465927870964,1.6994694766082736
2020-01-24,1.7723481018766143,2.17612370963209,1.3267057514400267,1.7047688545777464,1.7723481018766143,2.17612370963209,1.586839788537012,1.7082684520717941
2020-01-27,1.7616518463616793,2.1570087897298262,1.2886855759552953,1.69583399154337,1.7616518463616793,2.1570087897298262,1.5674368353936392,1.699439469806422
2020-01-28,1.7503604180508014,2.1389978386689266,1.2893781778043654,1.6866656218185463,1.7503604180508014,2.1389978386689266,1.5753036726535912,1.689628191783654
2020-01-29,1.762355370945541,2.15005470978465,1.3089373655790555,1.6999760545785254,1.762355370945541,2.15005470978465,1.57830559157306,1.702259326952012
2020-01-30,1.7476745155266509,2.1255667428610376,1.3040346232092872,1.6870179890494195,1.7476745155266509,2.1255667428610376,1.561067563936709,1.6886270297988872
2020-01-31,1.731108783944374,2.1011547828002475,1.2746308037260632,1.6713076921600223,1.731108783944374,2.1011547828002475,1.5341972082932676,1.671531261322227
2020-02-03,1.7134475581510478,2.0773359667887723,1.2711278016383516,1.6555215190512367,1.7134475581510478,2.0773359667887723,1.531195994398085,1.656077386930653
2020-02-04,1.7458070036779632,2.120209937382956,1.2886558437549243,1.6851568159558221,1.7458070036779632,2.120209937382956,1.5508626737432636,1.685633237928246
2020-02-05,1.757357491285931,2.141418709684232,1.2716727526942866,1.6931484467085307,1.757357491285931,2.141418709684232,1.539034185493665,1.694059834744531
2020-02-06,1.7657523147956464,2.146577818124152,1.2699520378177904,1.6994509924022827,1.7657523147956464,2.146577818124152,1.526414433309772,1.7007445533188776
2020-02-07,1.7680600450584762,2.1401061983433127,1.2686026560915598,1.7022875556447312,1.7680600450584762,2.1401061983433127,1.5509644691659907,1.704971753063128
2020-02-10,1.7492381329782587,2.13275154320536,1.2558529725850966,1.6850282474578222,1.7492381329782587,2.13275154320536,1.537011686045694,1.6887409725074134
2020-02-11,1.7617464000112364,2.145368434389053,1.2750522542333762,1.6970812075257802,1.7617464000112364,2.145368434389053,1.562394265513604,1.7014819456005916
2020-02-12,1.770089073763959,2.165361272277038,1.274165748284244,1.7061907829382092,1.770089073763959,2.165361272277038,1.5486376349664102,1.7099564126676978
2020-02-13,1.7694616075919767,2.169409379554452,1.2694929759972269,1.7058645199832594,1.7694616075919767,2.169409379554452,1.5297123459564081,1.7104684496744849
2020-02-14,1.7595221145954956,2.164139267452005,1.2543585069764376,1.6959323084112747,1.7595221145954956,2.164139267452005,1.5124867063298675,1.7014594081214065
2020-02-17,1.746852750227311,2.156044116544111,1.2415683546327398,1.6843527857825744,1.746852750227311,2.156044116544111,1.4982896964055257,1.6897209332771712
2020-02-18,1.742422161470671,2.149939533834711,1.239281175671716,1.6804664587924596,1.742422161470671,2.149939533834711,1.4964775712947453,1.686068427394655
2020-02-19,1.7591427962300015,2.1729176412498483,1.2658563537301977,1.6969812489674747,1.7591427962300015,2.1729176412498483,1.5261243683704262,1.7027278768086287
2020-02-20,1.7563739024531555,2.159609336595198,1.2470010111909586,1.6916840459257367,1.7563739024531555,2.159609336595198,1.4993009702339533,1.6978164860592277
2020-02-24,1.7152875463267712,2.1143584980681958,1.2345983888746108,1.6550977132840363,1.7152875463267712,2.1143584980681958,1.4945483997238318,1.660951226772607
2020-02-25,1.7074363903084422,2.1060309580967083,1.214316279587996,1.6473644914560719,1.7074363903084422,2.1060309580967083,1.4681819820068367,1.6529342153714874
2020-02-26,1.6902792503615687,2.082378039591649,1.2111426765470092,1.6317234477655227,1.6902792503615687,2.082378039591649,1.4570311489833352,1.6371977412452967
2020-02-27,1.6817628199978858,2.0728391264050754,1.210418546521909,1.624350094655935,1.6817628199978858,2.0728391264050754,1.4730490956344706,1.6298789928343234
2020-02-28,1.6170341571822187,1.9918996440753296,1.1956410208971424,1.5632968419061763,1.6170341571822187,1.9918996440753296,1.4438273965748447,1.5672592185453302
2020-03-02,1.6013479552562544,1.9787534533716,1.192005859598123,1.5498487420979927,1.6013479552562544,1.9787534533716,1.454684411977251,1.5543330438171645
2020-03-03,1.6433120875214398,2.0142912449945354,1.2221401594962649,1.5875973581799896,1.6433120875214398,2.0142912449945354,1.480285465841216,1.5931256592383976
2020-03-04,1.6400661219074668,2.0115620467477315,1.213917268776987,1.586363301306987,1.6400661219074668,2.0115620467477315,1.472896974278496,1.5921546632688655
2020-03-05,1.6453499495826343,2.012449598860237,1.2320077706809076,1.592477189948498,1.6453499495826343,2.012449598860237,1.4954968890880156,1.598302711088789
2020-03-06,1.6104649885491433,1.9685379113249175,1.226919018424346,1.562060046605569,1.6104649885491433,1.9685379113249175,1.4937156521084463,1.567902073462024
2020-03-09,1.540922174554165,1.8443423251717639,1.1907478174931447,1.4967679934102895,1.540922174554165,1.8443423251717639,1.4459904023357384,1.5026060707314672
2020-03-11,1.5295828764967672,1.8502152487456225,1.1732312863140342,1.488870152116347,1.5295828764967672,1.8502152487456225,1.4263500483544163,1.4944550164494619
2020-03-12,1.3973811847272573,1.6952222508905728,1.0481082052297237,1.3620852752166854,1.3973811847272573,1.6952222508905728,1.2858074929545553,1.3672957451292846
2020-03-13,1.4363781501737363,1.7507769136619555,1.06923223730797,1.3958378129169582,1.4363781501737363,1.7507769136619555,1.3124295528785237,1.4016700985095827
2020-03-16,1.3360027829584096,1.6229406291743032,1.0177252987289762,1.302428081702821,1.3360027829584096,1.6229406291743032,1.2527306886022813,1.3082488521980289
2020-03-17,1.3116759006571668,1.5930708256808341,1.0192410714580353,1.2796628051368595,1.3116759006571668,1.5930708256808341,1.2460846625510718,1.2859542894814269
2020-03-18,1.240845725146269,1.52249370795395,0.9987800773525513,1.2096809332460858,1.240845725146269,1.52249370795395,1.2018889896823997,1.2157710164506128
2020-03-19,1.1938263231155246,1.4789262439339113,1.0187253830155605,1.1658033972493782,1.1938263231155246,1.4789262439339113,1.2364184627701116,1.1718704303234695
2020-03-20,1.2671305643430726,1.5825672749324613,1.0536136133801768,1.2363726959634158,1.2671305643430726,1.5825672749324613,1.2893901494996678,1.2428975764561137
2020-03-23,1.1033588329653947,1.3870244864106929,0.9330171124161647,1.0766892481370127,1.1033588329653947,1.3870244864106929,1.1733910838766624,1.0833119472757005
2020-03-24,1.1265406297412637,1.4368150243090818,0.9610723252950255,1.1025316165266128,1.1265406297412637,1.4368150243090818,1.2051277766067618,1.1092152970521727
2020-03-25,1.1793753277478338,1.5388689150426866,1.0126137849372765,1.1559825746086856,1.1793753277478338,1.5388689150426866,1.2573443722157776,1.1625869597083698
2020-03-26,1.2230872312783518,1.5803388163424792,1.0758437105332015,1.1978433577909127,1.2230872312783518,1.5803388163424792,1.3498732822044368,1.2041937084796472
2020-03-27,1.2142226211494387,1.581096483281258,1.0892964837429997,1.189435674871601,1.2142226211494387,1.581096483281258,1.3699264571761685,1.1958238163511976
2020-03-30,1.18256472178472,1.5276316488799997,1.0894088574102672,1.1593449062888712,1.18256472178472,1.5276316488799997,1.3551431816346884,1.1660681817078065
2020-03-31,1.2233220183804077,1.5949754712011484,1.1446233645373491,1.1996909119408732,1.2233220183804077,1.5949754712011484,1.4147717372989832,1.2067429828647427
2020-04-01,1.1818968566028707,1.5307167764713885,1.0802370946830928,1.1579997533309567,1.1818968566028707,1.5307167764713885,1.3520903720078359,1.165061296014368
2020-04-03,1.1661584479357137,1.5039671120617373,1.0899431997344062,1.142297734154068,1.1661584479357137,1.5039671120617373,1.3683042243263368,1.1499709893010872
2020-04-07,1.2691204239880844,1.6480701987198414,1.1278223975944863,1.241438312895948,1.2691204239880844,1.6480701987198414,1.5212481814436847,1.2515045706275219
2020-04-08,1.2724378418042182,1.6345820592575073,1.1422439072768285,1.245273018507672,1.2724378418042182,1.6345820592575073,1.5255008852087586,1.2550601958510714
2020-04-09,1.3245375678141145,1.6900130036857763,1.1000131869089624,1.2960266201111423,1.3245375678141145,1.6900130036857763,1.5758215375075868,1.3059723818601303
2020-04-13,1.317851891037968,1.669520435509148,1.0664111907690281,1.290291704295207,1.317851891037968,1.669520435509148,1.585226673613267,1.2981078938100639
2020-04-15,1.3247762023200675,1.6556054974192749,1.116376599860018,1.297164990840222,1.3247762023200675,1.6556054974192749,1.5974321880586364,1.3046874820800856
2020-04-16,1.3364394331122729,1.6662055135371305,1.1892394731954556,1.3077822881254584,1.3364394331122729,1.6662055135371305,1.5730641200153628,1.315180993852877
2020-04-17,1.3628039337356006,1.7189641930052855,1.1149108606857814,1.3294047297495195,1.3628039337356006,1.7189641930052855,1.5818492205092585,1.3395573241354761
2020-04-20,1.3499464500425393,1.721023064811232,1.198139895463364,1.3186291153848695,1.3499464500425393,1.721023064811232,1.5928277389706396,1.3294274503007162
2020-04-21,1.3047632343849636,1.6731000646054337,1.2391025731440903,1.281202869331501,1.3047632343849636,1.6731000646054337,1.615453747188557,1.2895360503588864
2020-04-22,1.3257768164664419,1.7302092279110226,1.2319758624573613,1.301107979746124,1.3257768164664419,1.7302092279110226,1.610857648811442,1.310555335136578
2020-04-23,1.3343559814778765,1.7573897529172209,1.1898588813843785,1.3093681983100371,1.3343559814778765,1.7573897529172209,1.6338832598991762,1.3200670021852985
2020-04-24,1.308770019595641,1.7390295768247197,1.2035926498966807,1.2880779451629358,1.308770019595641,1.7390295768247197,1.6855515052415975,1.2979631870264694
2020-04-27,1.3344665611099518,1.7623333382909563,1.1762048870955308,1.3109941774817457,1.3344665611099518,1.7623333382909563,1.6996462132246162,1.3232812370415765
2020-04-28,1.3437793348585338,1.7703369886813054,1.0959995725731702,1.313872409720725,1.3437793348585338,1.7703369886813054,1.676509171635524,1.3297685106803503
2020-04-29,1.3607834607692495,1.793229316336928,1.1189952230203413,1.3292382899364341,1.3607834607692495,1.793229316336928,1.669658805061402,1.3451112494094193
2020-04-30,1.4066946054364373,1.8503711986364773,1.1833166140445737,1.3733018160578445,1.4066946054364373,1.8503711986364773,1.7026903242021,1.3873014171979074
2020-05-04,1.3321013548791512,1.7626868455706255,1.164212192988903,1.306223602515616,1.3321013548791512,1.7626868455706255,1.654992920430504,1.3158827570139877
2020-05-05,1.3185830463484323,1.7543383380030386,1.1467747252754332,1.2932698156252478,1.3185830463484323,1.7543383380030386,1.6477977507515014,1.3010676777747403
2020-05-06,1.3268366671057608,1.7598080835725955,1.1358395905980625,1.3000531306293979,1.3268366671057608,1.7598080835725955,1.6345863746411051,1.3096186751626904
2020-05-07,1.3166926958000515,1.7572572546502647,1.0553484883587707,1.287842451376178,1.3166926958000515,1.7572572546502647,1.5865907175879328,1.2977863852982763
2020-05-08,1.3179765804808892,1.7745680334285245,1.0654494789395164,1.2909035767325292,1.3179765804808892,1.7745680334285245,1.612108121704108,1.3012078990278522
2020-05-11,1.3250241505944222,1.78066415407342,1.0413002660692676,1.2975328086881854,1.3250241505944222,1.78066415407342,1.636722625402178,1.3080471629845272
2020-05-12,1.3316968847075412,1.7603647228991908,1.0493793269863692,1.303550374071211,1.3316968847075412,1.7603647228991908,1.6551146357951272,1.3138837984807183
2020-05-13,1.35490116002503,1.7920049783856264,1.0361326392135417,1.3237945204732877,1.35490116002503,1.7920049783856264,1.6468134874865186,1.3366617790466493
2020-05-14,1.3330396777631714,1.7455800314946905,1.0636224263540692,1.3034474969149838,1.3330396777631714,1.7455800314946905,1.6490985591327891,1.3169240802709414
2020-05-15,1.3297523086659857,1.7478978981079676,1.0651043700427807,1.301320900442693,1.3297523086659857,1.7478978981079676,1.6409806350980733,1.3133885888252899
2020-05-18,1.2812198023258297,1.7048736992675686,1.0413463870628505,1.2579842131259567,1.2812198023258297,1.7048736992675686,1.6153731894194665,1.2671638959204197
2020-05-19,1.2947063038059108,1.7074199535552743,1.0297287936527986,1.2720116337608918,1.2947063038059108,1.7074199535552743,1.6216975377416263,1.2794506537725734
2020-05-20,1.3208398106468398,1.7356898390137607,1.1175132300584356,1.2974575332576705,1.3208398106468398,1.7356898390137607,1.6517372015862544,1.3051298678143808
2020-05-21,1.3264380151554398,1.7457971690418126,1.1203706663192978,1.3039570571462449,1.3264380151554398,1.7457971690418126,1.663378306286084,1.3103766554431107
2020-05-22,1.3210231434564088,1.7393038128005842,1.0708429157588741,1.3012492401089721,1.3210231434564088,1.7393038128005842,1.68907739245697,1.3059031843771067
2020-05-26,1.3278771247029528,1.732977169348282,1.0476873489503795,1.307408474969621,1.3278771247029528,1.732977169348282,1.6864056907640537,1.3109368645878912
2020-05-27,1.3616388711421727,1.7829274751892632,1.030908402925574,1.3366044782109372,1.3616388711421727,1.7829274751892632,1.721620644025932,1.343756743994702
2020-05-28,1.3831068545516145,1.809817643950795,1.0653343762863816,1.3565470133792525,1.3831068545516145,1.809817643950795,1.7412537471370668,1.3650856045951307
2020-05-29,1.4071439840392794,1.820663571794511,1.1676407508669928,1.3816493711857145,1.4071439840392794,1.820663571794511,1.7864204456367607,1.389581157489242
2020-06-01,1.4371253434685525,1.8719320978586544,1.2144785488996206,1.4078194482358797,1.4371253434685525,1.8719320978586544,1.942504699968344,1.4161212328409845
2020-06-02,1.4523519434704848,1.891149574921574,1.2061337982679605,1.419229162554822,1.4523519434704848,1.891149574921574,1.8672277435074665,1.4275181727209727
2020-06-03,1.460368555796219,1.9032304443462138,1.1911982558207295,1.4259083330482702,1.460368555796219,1.9032304443462138,1.744627769946135,1.4343235531377634
2020-06-04,1.4608651595253797,1.9130484349312082,1.2071789214139101,1.4291360290233686,1.4608651595253797,1.9130484349312082,1.9055412607272109,1.4377254812685913
2020-06-05,1.4824364950457043,1.9294229032555645,1.1997352910165784,1.4478610849344486,1.4824364950457043,1.9294229032555645,1.9000547808044541,1.4566848652320856
2020-06-08,1.4901097676252633,1.9348518008334195,1.1732648322955155,1.45242199328064,1.4901097676252633,1.9348518008334195,1.92040888077096,1.461384950732288
2020-06-09,1.478706876519242,1.9101801327588872,1.2085561673170564,1.4425426609978391,1.478706876519242,1.9101801327588872,1.9659110137348057,1.4513159715113595
2020-06-10,1.4786093364958286,1.9266248867724187,1.1483960920987666,1.4406765202802956,1.4786093364958286,1.9266248867724187,1.8103225350120926,1.4493888543764553
2020-06-11,1.4517516268012582,1.8854772119013192,1.1358498894334847,1.414913663411799,1.4517516268012582,1.8854772119013192,1.7537378552894383,1.4234503299977481
2020-06-12,1.461839267154764,1.902675598735234,1.1517384270259439,1.4227090557848356,1.461839267154764,1.902675598735234,1.7975982154327808,1.431372834647518
2020-06-15,1.4367655654401448,1.8835162802602015,1.13308951312894,1.4008977915161556,1.4367655654401448,1.8835162802602015,1.7660294230631626,1.4092234049268673
2020-06-16,1.4397406344547836,1.8957775046340364,1.1001294528751326,1.4030357178555914,1.4397406344547836,1.8957775046340364,1.7281753032962812,1.4114054884401717
2020-06-17,1.4393131447057486,1.8944571025329753,1.0896192065971655,1.4014771679354856,1.4393131447057486,1.8944571025329753,1.7987136948973268,1.4097760988470716
2020-06-18,1.4619364123564333,1.9281700097305905,1.0803277908516111,1.4217146020499538,1.4619364123564333,1.9281700097305905,1.7711001070962797,1.4303648160418403
2020-06-19,1.479616072035863,1.9710597704178265,1.0740243464158767,1.4370988629151502,1.479616072035863,1.9710597704178265,1.812479075038097,1.4459967231119388
2020-06-22,1.5002570258491053,1.9791562957058964,1.1331651098668083,1.456768083991676,1.5002570258491053,1.9791562957058964,1.8411287562589171,1.4659644268530485
2020-06-23,1.532213152775616,2.001772102673259,1.139947686916085,1.486521009842825,1.532213152775616,2.001772102673259,1.7301863492940974,1.4959759484382076
2020-06-24,1.502600090766557,1.9770381509609916,1.2014827214973396,1.4605937493382604,1.502600090766557,1.9770381509609916,1.8530090601156548,1.4698493940255435
2020-06-25,1.4995893506177937,1.9718288889350934,1.1996567040316963,1.4577320446628639,1.4995893506177937,1.9718288889350934,1.7860014495563454,1.4670027072082905
2020-06-26,1.5088238006125005,2.0001709217252706,1.1908486406004506,1.466955248422973,1.5088238006125005,2.0001709217252706,1.851997858019989,1.4761246771372085
2020-06-29,1.4928294169712544,1.98398011654686,1.188969429512537,1.4526894737408507,1.4928294169712544,1.98398011654686,1.8333705603952515,1.4617659719113603
2020-06-30,1.4907763906889828,1.976553788882925,1.1934196245231066,1.450458414295076,1.4907763906889828,1.976553788882925,1.7852308864863689,1.4594938623534908
2020-07-01,1.4975045000371814,1.996658223356008,1.1733113466199787,1.4530631065280053,1.4975045000371814,1.996658223356008,1.7750374656776697,1.4622473304043355
2020-07-02,1.5143645036902804,2.0233970266613115,1.20846142967058,1.4695958621666525,1.5143645036902804,2.0233970266613115,1.8317427635856376,1.4787858476606683
2020-07-03,1.5235705582791919,2.040363869721241,1.2809700063310878,1.479546408291051,1.5235705582791919,2.040363869721241,1.9762608500749346,1.4887750434152014
2020-07-06,1.546140075670522,2.0799923864550336,1.2609267742470738,1.49839578376603,1.546140075670522,2.0799923864550336,1.9248408174469196,1.5077868783496993
2020-07-07,1.5489800084577345,2.0819570856647727,1.2174920344689872,1.49847352592746,1.5489800084577345,2.0819570856647727,1.849086608285791,1.5079619587692985
2020-07-08,1.5375020277021514,2.060510251227718,1.1883318590077632,1.4871519746877935,1.5375020277021514,2.060510251227718,1.8468896385616314,1.4961632207826034
2020-07-09,1.5491662498019285,2.0783329616925363,1.1765826731602536,1.4967344622941945,1.5491662498019285,2.0783329616925363,1.737440192874183,1.506042503760768
2020-07-10,1.5398063897501075,2.0840331054111223,1.1862357134849701,1.4899373048061069,1.5398063897501075,2.0840331054111223,1.7529504098643551,1.4993969561950418
2020-07-13,1.547699476585444,2.1011460688916177,1.1579786200683633,1.4981432793953944,1.547699476585444,2.1011460688916177,1.7645021588280592,1.5073972254836636
2020-07-14,1.519725329157325,2.065911258543632,1.1206139959425274,1.4728528009318929,1.519725329157325,2.065911258543632,1.8100378567903086,1.4823283893769565
2020-07-15,1.5272792903041263,2.0653597231534815,1.137852694006305,1.4817852884104175,1.5272792903041263,2.0653597231534815,1.8654630451382854,1.4921802579508279
2020-07-16,1.5424278520901908,2.086156633849041,1.1250038973126566,1.4952544781006918,1.5424278520901908,2.086156633849041,1.7166321901346544,1.5062983999208746
2020-07-17,1.5660788329306994,2.1192427703546426,1.121979599481153,1.5171684155067617,1.5660788329306994,2.1192427703546426,1.8609752027386306,1.528170702953911
2020-07-20,1.5833676899284304,2.1413629202494637,1.1130417847591836,1.5338251079888936,1.5833676899284304,2.1413629202494637,1.9266272812946148,1.5439377868072603
2020-07-21,1.5932525994970812,2.1665752571532653,1.1311235648358045,1.5429776299356817,1.5932525994970812,2.1665752571532653,1.9384720225433703,1.5532594036599645
2020-07-22,1.5875582450459944,2.1633059896355036,1.12846306171017,1.5368482224421047,1.5875582450459944,2.1633059896355036,1.8874735844195263,1.5477342194487789
2020-07-23,1.6023758394228262,2.18318876089796,1.123597128900134,1.5516317277229976,1.6023758394228262,2.18318876089796,1.9471302252223053,1.5629553718650206
2020-07-24,1.5901804884386892,2.190897038060366,1.1167980150407748,1.541701982179733,1.5901804884386892,2.190897038060366,1.9003911357889705,1.5522947282469772
2020-07-27,1.5829306788563817,2.1863231584507075,1.1219007847178417,1.5371952318945408,1.5829306788563817,2.1863231584507075,1.8827335267026348,1.5470309315764852
2020-07-28,1.6132805010080442,2.222539796563519,1.1586074528255321,1.5651601628743237,1.6132805010080442,2.222539796563519,1.8993316147850132,1.5747692182114064
2020-07-29,1.6203945913428703,2.198663207927463,1.15155912957967,1.5722458344571772,1.6203945913428703,2.198663207927463,2.014513237538955,1.5813926528730389
2020-07-30,1.6081499137667594,2.1888872204043017,1.1410170298609053,1.5634748540623258,1.6081499137667594,2.1888872204043017,2.1013607646685344,1.5730950594807522
2020-07-31,1.6160294408520948,2.1837492334306132,1.1462592081476068,1.5707778979420386,1.6160294408520948,2.1837492334306132,1.9879889214235513,1.5805133349837999
2020-08-03,1.5973157265619513,2.1492892455612034,1.131342896344048,1.554654727525428,1.5973157265619513,2.1492892455612034,1.9945261725529289,1.5646513028064784
2020-08-04,1.6137578583520364,2.1972273368832425,1.1248338580475705,1.5700573990402948,1.6137578583520364,2.1972273368832425,2.042279584647239,1.5797832718396325
2020-08-05,1.6263889841860693,2.1980950533538963,1.121794244194641,1.5799722854555822,1.6263889841860693,2.1980950533538963,2.1194496200400916,1.5901218006558482
2020-08-06,1.6427169215694348,2.220429098616171,1.1373223681872697,1.5971221144717362,1.6427169215694348,2.220429098616171,2.155866687083651,1.6057927887596615
2020-08-07,1.6543291907527926,2.2248827914817735,1.142402426888392,1.6079019312212126,1.6543291907527926,2.2248827914817735,2.2630603598114574,1.6155092267549684
2020-08-10,1.6726128054746576,2.2298635453882776,1.1512865025581198,1.6268511536023893,1.6726128054746576,2.2298635453882776,2.324642981782556,1.6354343859949385
2020-08-11,1.674622417040601,2.238258402037814,1.141251285611309,1.6263891732889724,1.674622417040601,2.238258402037814,2.2698575112798203,1.6356271705022023
2020-08-12,1.6752493518798641,2.236332656526278,1.1351887861565386,1.626774087591185,1.6752493518798641,2.236332656526278,2.2191810564543544,1.6358883537659095
2020-08-13,1.6821840962022079,2.236659344314172,1.133139354173322,1.6340102493407083,1.6821840962022079,2.236659344314172,2.1396548037131273,1.6421492553259
2020-08-14,1.6671096393091287,2.215473021847465,1.1296557723762055,1.6212161053590903,1.6671096393091287,2.215473021847465,2.1009728261067013,1.6289927659610548
2020-08-17,1.6902012290806647,2.2240545149427677,1.1265876978008815,1.6440533791290413,1.6902012290806647,2.2240545149427677,2.168918716073301,1.6521705378959803
2020-08-18,1.709284358569747,2.251466696378041,1.132582276865983,1.661738217856813,1.709284358569747,2.251466696378041,2.0923489864204887,1.668829038735771
2020-08-19,1.71248595116693,2.2561847219480757,1.1136337792671394,1.664019048614661,1.71248595116693,2.2561847219480757,2.0565875876628987,1.670853827354794
2020-08-20,1.7091152349408427,2.239033075636359,1.1023380979149788,1.6615915451276744,1.7091152349408427,2.239033075636359,2.0273128766519335,1.669068018880624
2020-08-21,1.7193596528932582,2.246132121974556,1.1198122356197657,1.67262849241645,1.7193596528932582,2.246132121974556,2.021264937666283,1.681276567042874
2020-08-24,1.7266366549774308,2.261781164957076,1.1114929812244767,1.677662376404265,1.7266366549774308,2.261781164957076,1.9509235654547874,1.6859806904268786
2020-08-25,1.7356501532651185,2.2641778859443114,1.0814563187230883,1.6843422508262391,1.7356501532651185,2.2641778859443114,1.8662134318552333,1.6925628742147072
2020-08-26,1.7419197310428935,2.2827644580333946,1.0967845726832857,1.6884909894634097,1.7419197310428935,2.2827644580333946,1.8888183066038966,1.6966411928865808
2020-08-27,1.7476812266971173,2.278462680104544,1.0902921516747264,1.6921902502228943,1.7476812266971173,2.278462680104544,1.8567108446697775,1.7004807449562005
2020-08-28,1.7598178069346566,2.2917384949461113,1.095355388257973,1.699965031850282,1.7598178069346566,2.2917384949461113,1.8391593233044026,1.7090377146482678
2020-08-31,1.7099440775464274,2.2470290930898447,1.0845202035969579,1.653933274914795,1.7099440775464274,2.2470290930898447,1.825663905632051,1.6633752416135614
2020-09-01,1.7301026173935592,2.2639437205456945,1.1007414269256086,1.6739912651071027,1.7301026173935592,2.2639437205456945,1.8438361772827982,1.6830913613582987
2020-09-02,1.7427762308940558,2.283090988277861,1.095692972800372,1.6848982101321741,1.7427762308940558,2.283090988277861,1.8464605376872818,1.6930148480914018
2020-09-03,1.7516274850738276,2.2838759035537137,1.098175396200356,1.6953939434059568,1.7516274850738276,2.2838759035537137,1.8577927814723842,1.7034519478763035
2020-09-04,1.7182114898203469,2.2467310815624386,1.0761800216899198,1.6644505491365431,1.7182114898203469,2.2467310815624386,1.8436572710235855,1.6723037516798644
2020-09-07,1.7135646932109552,2.2516111925744076,1.1127687654030063,1.662005115639415,1.7135646932109552,2.2516111925744076,1.89148722905194,1.6697797360575102
2020-09-08,1.6974958494289072,2.249602477384678,1.109811412227401,1.6468569756069644,1.6974958494289072,2.249602477384678,1.8726922513519693,1.654071350091977
2020-09-09,1.695242881234478,2.2485810705890126,1.1197803853884696,1.6452571206439588,1.695242881234478,2.2485810705890126,1.8951637756325612,1.6528523655016505
2020-09-10,1.7096023808721015,2.293838202154573,1.1157680328835904,1.6566277732529657,1.7096023808721015,2.293838202154573,1.8868299892103544,1.6640462613278832
2020-09-11,1.7130483724742533,2.3018345671147378,1.104003706632648,1.6602567459943094,1.7130483724742533,2.3018345671147378,1.8657311297514136,1.6676514480456022
2020-09-14,1.7135429014948085,2.305237219263788,1.1160335612578096,1.6614741702365907,1.7135429014948085,2.305237219263788,1.8900406444283606,1.6686850762742695
2020-09-15,1.7235285398106965,2.319519509530805,1.1263237860045183,1.670061672942691,1.7235285398106965,2.319519509530805,1.8970853984199667,1.677465106606069
2020-09-16,1.735744834769226,2.333837683509599,1.1363040954918655,1.6827024909986212,1.735744834769226,2.333837683509599,1.90605967006916,1.6900446830431446
2020-09-17,1.727983694644696,2.3150781005406222,1.1547614831540987,1.6758409458088592,1.727983694644696,2.3150781005406222,1.9254855393202193,1.683109146086745
2020-09-18,1.7419087410430818,2.3153357761805657,1.2124058169844647,1.6895407376960274,1.7419087410430818,2.3153357761805657,1.9875287938895598,1.6973529068865387
2020-09-21,1.6860871033955895,2.264201668827398,1.1643561095921815,1.6374247059363947,1.6860871033955895,2.264201668827398,1.9051308980146906,1.6445180055145883
2020-09-22,1.674615269773068,2.250027974328994,1.16165976009832,1.6264266469499309,1.674615269773068,2.250027974328994,1.8943320542620945,1.6335647758422853
2020-09-23,1.6633701500790858,2.243435118597516,1.1621898196954963,1.616234348121615,1.6633701500790858,2.243435118597516,1.885201422143012,1.6229493322529924
2020-09-24,1.6127117785273832,2.1752671869974867,1.1363657388552948,1.57076039268724,1.6127117785273832,2.1752671869974867,1.8481790373005365,1.5771423817640038
2020-09-25,1.6571533862875194,2.227853255616369,1.1682373569637854,1.6127514421882845,1.6571533862875194,2.227853255616369,1.9048374125039338,1.6194453243746652
2020-09-28,1.6956615100722425,2.2597500925317706,1.1761136775177286,1.6455262303797529,1.6956615100722425,2.2597500925317706,1.9220627890109059,1.6526411169730777
2020-09-29,1.6872475165003413,2.2634608430412575,1.1767904075741096,1.637705679993046,1.6872475165003413,2.2634608430412575,1.9285816370516808,1.6447585641969633
2020-09-30,1.6871917887492653,2.2641580625012416,1.2002958157344379,1.6404627318953362,1.6871917887492653,2.2641580625012416,1.950063110285087,1.6475195036690105
2020-10-01,1.71195011645794,2.290908483272129,1.2117393114784558,1.6617322087062958,1.71195011645794,2.290908483272129,1.9578998197607294,1.6689473487913928
2020-10-05,1.7248941913629339,2.316083944348051,1.234836014996631,1.673533102772884,1.7248941913629339,2.316083944348051,1.9912125699008487,1.6805838344899842
2020-10-06,1.735698294218919,2.331242853344116,1.2382617240192961,1.6826737569225139,1.735698294218919,2.331242853344116,1.983369766707949,1.6898936876730697
2020-10-07,1.7391137579841944,2.3497518693834394,1.233454005436738,1.6879083766059992,1.7391137579841944,2.3497518693834394,1.9916555192927683,1.6950526894772644
2020-10-08,1.7489781526611763,2.368219328452954,1.241153493190542,1.6975987351097586,1.7489781526611763,2.368219328452954,2.04252860764963,1.705993863300955
2020-10-09,1.7506225345015873,2.3799775961963814,1.2510432871288626,1.6987890085652637,1.7506225345015873,2.3799775961963814,2.0442372826668884,1.705347410297067
2020-10-12,1.7517914730124038,2.3839887043167427,1.2515711156379485,1.6997596126404817,1.7517914730124038,2.3839887043167427,2.0392917767513405,1.706178617345365
2020-10-13,1.7463374784526269,2.3893624262307496,1.253046628236913,1.6951238304528533,1.7463374784526269,2.3893624262307496,1.9999643101844617,1.7012189721666449
2020-10-14,1.7474991266141577,2.393839626635235,1.2368034094837255,1.6958782593728199,1.7474991266141577,2.393839626635235,1.9849203376440807,1.701977194711918
2020-10-15,1.7154192698075446,2.3328866236806176,1.2093854820742789,1.6664828678230168,1.7154192698075446,2.3328866236806176,1.9714536972042895,1.6726526672666038
2020-10-16,1.7315297595267523,2.3437990381447014,1.2007823793546624,1.6803407106833645,1.7315297595267523,2.3437990381447014,1.9477623630342067,1.6868439584123893
2020-10-19,1.7422557045544484,2.3562902568067554,1.221969341275314,1.6907580833231965,1.7422557045544484,2.3562902568067554,1.985433850975895,1.696287675372734
2020-10-20,1.7440701552479962,2.3605597762111246,1.2147760085663457,1.6919112724628633,1.7440701552479962,2.3605597762111246,2.0184192465293007,1.6980028484399334
2020-10-21,1.7481522841294301,2.357191078730621,1.2131734914801426,1.6954501092431762,1.7481522841294301,2.357191078730621,2.002350623257905,1.7011638433446008
2020-10-22,1.7469976549950075,2.350502865404381,1.2315536084855256,1.6948593309909095,1.7469976549950075,2.350502865404381,1.9853696840517843,1.7008146946586515
2020-10-23,1.754811136887062,2.3580832767259587,1.2464289631036383,1.702653157877149,1.754811136887062,2.3580832767259587,1.9750787521534436,1.707951636001339
2020-10-26,1.727067949845016,2.3169467075316037,1.2541594363104978,1.6774187864976988,1.727067949845016,2.3169467075316037,1.9769986068454268,1.6838175682965857
2020-10-27,1.7511705454461444,2.3323541460798465,1.2938243790414456,1.7015313587120575,1.7511705454461444,2.3323541460798465,1.988647019755909,1.7078008874942547
2020-10-28,1.7352068997943824,2.309558081012164,1.2770174615761571,1.6863982364833372,1.7352068997943824,2.309558081012164,1.9588567450594916,1.6926704550061604
2020-10-29,1.7266455816853352,2.303912861713552,1.2693721365675479,1.6766363445352692,1.7266455816853352,2.303912861713552,1.9417939737744114,1.6832015300181205
2020-10-30,1.7286360714601385,2.3067057613768984,1.2746904858466732,1.677105455854437,1.7286360714601385,2.3067057613768984,1.96176628905885,1.684236560414931
2020-11-02,1.7332534899444614,2.273970304914865,1.2592716391707326,1.679734307194896,1.7332534899444614,2.273970304914865,1.939106444029711,1.6859829338586474
2020-11-03,1.7497414414288563,2.2882557044416356,1.276227980485503,1.694214100039871,1.7497414414288563,2.2882557044416356,1.9691053212183365,1.699287568740225
2020-11-04,1.762123886050033,2.3183174118276955,1.2820136929485042,1.7051580694124657,1.762123886050033,2.3183174118276955,1.970479342107324,1.7108483482690882
2020-11-05,1.8017155828571958,2.3646110922161654,1.3186391593227849,1.7422120847373719,1.8017155828571958,2.3646110922161654,2.0219926882175483,1.747411835245033
2020-11-06,1.8086071187942563,2.395265534439323,1.303741966100635,1.7478221228498318,1.8086071187942563,2.395265534439323,1.9997533173681876,1.752121915684907
2020-11-09,1.8352236699021496,2.4310360870022807,1.292221985936787,1.7717224257367195,1.8352236699021496,2.4310360870022807,1.9905641659584867,1.7757907032257396
2020-11-10,1.8420930351143625,2.448138712308371,1.2696636076225696,1.7759791998791346,1.8420930351143625,2.448138712308371,1.9462998481439118,1.7771062099406318
2020-11-11,1.8755502038467011,2.4542142062631003,1.2973960981073387,1.8078448433817007,1.8755502038467011,2.4542142062631003,1.956818313456073,1.8085227755630293
2020-11-12,1.8705963736515558,2.441621252379267,1.3078066090940963,1.8047077472584043,1.8705963736515558,2.441621252379267,1.953833056413298,1.8050717332851387
2020-11-13,1.8861822166349693,2.451618965871215,1.281481560145373,1.818486193386829,1.8861822166349693,2.451618965871215,1.9601490531513912,1.8181393166741764
2020-11-14,1.894796541478892,2.462669361025707,1.3008472440180838,1.826742943658199,1.894796541478892,2.462669361025707,1.9687143024615577,1.8257668507667992
2020-11-17,1.9058417014469353,2.473128806234337,1.274986569124281,1.8349234422954046,1.9058417014469353,2.473128806234337,1.9791265751892861,1.834569500206604
2020-11-18,1.9180357915391841,2.4765380661323695,1.236568388958876,1.8432895653571737,1.9180357915391841,2.4765380661323695,1.9260870563133874,1.8423747931057681
2020-11-19,1.9009110073402926,2.4513306781195405,1.2435964080042072,1.8292670052898985,1.9009110073402926,2.4513306781195405,1.93174754592414,1.8278802791143873
2020-11-20,1.9222505041281963,2.452594034229656,1.233290402234086,1.8495807346728728,1.9222505041281963,2.452594034229656,1.9300502026883772,1.8477057884794905
2020-11-23,1.9455045791189047,2.4836734511629164,1.2421995654780273,1.8706264837445215,1.9455045791189047,2.4836734511629164,1.9765503799823532,1.8685104065253118
2020-11-24,1.962220988056867,2.5073728388669245,1.248393408506653,1.8866526480199326,1.962220988056867,2.5073728388669245,1.9856287079066517,1.88431044903187
2020-11-25,1.9358845662414816,2.474593889405195,1.2430570837863977,1.862010748315465,1.9358845662414816,2.474593889405195,1.978749021573759,1.860414644106936
2020-11-26,1.9581430700964333,2.494957356477118,1.2334708287489209,1.8822646822307012,1.9581430700964333,2.494957356477118,1.9915075836873894,1.8806202980129954
2020-11-27,1.959208230387014,2.482206654585616,1.232737656118939,1.8837428447676257,1.959208230387014,2.482206654585616,2.005951059167463,1.8823430385932225
2020-12-01,1.984862933775281,2.5122606162224654,1.2625429072151544,1.9055643910267854,1.984862933775281,2.5122606162224654,2.013282050480997,1.9046450674998068
2020-12-02,2.004960270251732,2.522034202101375,1.2751235213943086,1.9233399844185253,2.004960270251732,2.522034202101375,2.0457633097435286,1.9238389041065933
2020-12-03,2.0251395662568012,2.5282577525057848,1.27235915817499,1.9420030747380599,2.0251395662568012,2.5282577525057848,2.0578081990049486,1.9424367803217306
2020-12-04,2.0493570338744376,2.5495618451966693,1.3001454935254178,1.9654155686507422,2.0493570338744376,2.5495618451966693,2.1015853277023995,1.9657151895153784
2020-12-07,2.0650906488318346,2.5679984167302443,1.3465596579590768,1.9802813564806294,2.0650906488318346,2.5679984167302443,2.149381692049169,1.9807281467652322
2020-12-08,2.0588516493555726,2.5837221970106805,1.354806566897824,1.9755093954745593,2.0588516493555726,2.5837221970106805,2.1515003628035347,1.976146988408458
2020-12-09,2.0689261909112577,2.609925446926921,1.374063533953707,1.9853589869014523,2.0689261909112577,2.609925446926921,2.1885100449470087,1.9861153936383
2020-12-10,2.062945176773984,2.5995203373866906,1.3561917952999034,1.9821269200393565,2.062945176773984,2.5995203373866906,2.1933560958911604,1.983015008661802
2020-12-11,2.0678063893623206,2.6049644751111987,1.3453816941849672,1.9875726376393439,2.0678063893623206,2.6049644751111987,2.197223837225565,1.9885864388808538
2020-12-14,2.079602659573899,2.6109876313943468,1.3562120620320437,1.9985147656265942,2.079602659573899,2.6109876313943468,2.2402155163271136,1.9995498039638
2020-12-15,2.0847486104355584,2.602131741979659,1.358050376451449,2.0016155621599103,2.0847486104355584,2.602131741979659,2.2209320497441545,2.002400677961083
2020-12-16,2.101492889954982,2.6216957305687703,1.380838433240232,2.017896438891348,2.101492889954982,2.6216957305687703,2.273956663040851,2.0187152782109092
2020-12-17,2.0983406296981224,2.6266619625295258,1.3932095967174922,2.0144511758538974,2.0983406296981224,2.6266619625295258,2.274873008083309,2.015047519924436
2020-12-18,2.1012822303630925,2.634494878407815,1.387472735647784,2.0184876303396,2.1012822303630925,2.634494878407815,2.269543864034205,2.0189846177467508
2020-12-21,2.02005863899344,2.5547452039996577,1.359574796070844,1.9437638910308126,2.02005863899344,2.5547452039996577,2.2276531375051922,1.9445580040503136
2020-12-22,2.054147384178277,2.5836851393004054,1.4090246550228858,1.975850828428914,2.054147384178277,2.5836851393004054,2.2948942474790504,1.976707776448
2020-12-23,2.0787002009529285,2.6116812812981007,1.409203139846786,1.9990052267073353,2.0787002009529285,2.6116812812981007,2.2900080152206934,1.9998213905459092
2020-12-24,2.0918279087242553,2.640685004484786,1.3937348434275307,2.0109961234875326,2.0918279087242553,2.640685004484786,2.295649686208128,2.0119004177993225
2020-12-28,2.1108249292094965,2.6618373453569024,1.4164785998611686,2.028395348238823,2.1108249292094965,2.6618373453569024,2.3123688786225154,2.029189769909328
2020-12-29,2.1124987809405793,2.664304218213121,1.3973587123149611,2.02871730761527,2.1124987809405793,2.664304218213121,2.274230345269047,2.0295416944914284
2020-12-30,2.1243237259389165,2.671036633876068,1.4181591243073903,2.0410562717188565,2.1243237259389165,2.671036633876068,2.3010001693258566,2.04182964777704
2020-12-31,2.12259904219422,2.662851953957807,1.4146873245548188,2.0393305150044947,2.12259904219422,2.662851953957807,2.3014901811896613,2.0401007232934276
2021-01-01,2.1330844482493014,2.6751660265680806,1.413883195383259,2.0492413820758517,2.1330844482493014,2.6751660265680806,2.296425918561853,2.0500390021820336
2021-01-04,2.157440460313698,2.702502858669098,1.39555611215321,2.0713152507743233,2.157440460313698,2.702502858669098,2.269897054745995,2.07191599222594
2021-01-05,2.1601717344934226,2.70623774430909,1.390995291603398,2.0736383611003277,2.1601717344934226,2.70623774430909,2.2592068604843245,2.074339186438789
2021-01-06,2.161503948864361,2.685365479617445,1.4291181719114685,2.074180864623305,2.161503948864361,2.685365479617445,2.3199965716226214,2.074622698576656
2021-01-07,2.1722574492507007,2.683450583045203,1.373358473934456,2.079974664883347,2.1722574492507007,2.683450583045203,2.2818244344549723,2.0799278062772717
2021-01-08,2.2102721959445133,2.7265742177018883,1.4802462994759649,2.1182535712280344,2.2102721959445133,2.7265742177018883,2.3841867162155226,2.1189005268625083
2021-01-11,2.222167130129422,2.7371213994924943,1.507130903925623,2.13308656260592,2.222167130129422,2.7371213994924943,2.418000911412458,2.1333658030605007
2021-01-12,2.2269556006646436,2.76340115973852,1.5056532025035403,2.13578859004191,2.2269556006646436,2.76340115973852,2.3892033347838746,2.136452085347934
2021-01-13,2.2366786125163918,2.766794228246102,1.4470254920842833,2.1435599315258242,2.2366786125163918,2.766794228246102,2.3626690383652957,2.1443605573000157
2021-01-14,2.2391450355072218,2.781974469630845,1.4460974133538882,2.1456651205302206,2.2391450355072218,2.781974469630845,2.369386545576972,2.1467544466254127
2021-01-15,2.212980568672515,2.753330293507481,1.4139649565434464,2.1199724898104906,2.212980568672515,2.753330293507481,2.289140947030902,2.1207445564183605
2021-01-18,2.1766755392450925,2.7402177520815125,1.3807507518550401,2.0862810193372754,2.1766755392450925,2.7402177520815125,2.257027809162413,2.088686572981201
2021-01-19,2.2124910610216153,2.7814541503499774,1.4177199118394983,2.1191556464610106,2.2124910610216153,2.7814541503499774,2.295245831281938,2.1212530677417654
2021-01-20,2.2330603017113724,2.8106111093182746,1.4116940588584472,2.1377447673244565,2.2330603017113724,2.8106111093182746,2.326283256054546,2.1397033152877545
2021-01-21,2.2144072726704027,2.806450884771866,1.4577515821463989,2.1214865530573177,2.2144072726704027,2.806450884771866,2.31182740288803,2.1235636324470604
2021-01-22,2.1867269596387318,2.7680279141431368,1.5528146684903208,2.0999216708050374,2.1867269596387318,2.7680279141431368,2.287836962906264,2.1021707200406143
2021-01-25,2.179210741684364,2.727125559763011,1.5843321990526416,2.0934300342325103,2.179210741684364,2.727125559763011,2.280701879109768,2.094711321442576
2021-01-27,2.1465654606212645,2.6794550099319796,1.6548853170022377,2.064515243825994,2.1465654606212645,2.6794550099319796,2.2779863367184885,2.0660022794037283
2021-01-28,2.132868384894378,2.6508593157331473,1.577629236773083,2.0492095573223903,2.132868384894378,2.6508593157331473,2.2178393106216245,2.050390764612967
2021-01-29,2.0974258140876625,2.6098513402412093,1.5563350291139084,2.0124689486834217,2.0974258140876625,2.6098513402412093,2.1748017487023446,2.0140105700951794
2021-02-01,2.1789608449938656,2.708318203505278,1.597615898070192,2.0842523743459083,2.1789608449938656,2.708318203505278,2.1701362765514554,2.085549054248607
2021-02-02,2.227181058567145,2.7702699280999656,1.6191861770530638,2.128215168515042,2.227181058567145,2.7702699280999656,2.184131565403128,2.129932813600844
2021-02-03,2.257849074488444,2.7906166965346095,1.6269486807724378,2.156678756415661,2.257849074488444,2.7906166965346095,2.2282892345775704,2.1570294391449623
2021-02-04,2.2802438464500843,2.8071593257596796,1.6124964725674213,2.1761158996905996,2.2802438464500843,2.8071593257596796,2.241169105928727,2.1779796920665846
2021-02-05,2.2863854949253883,2.813106619019509,1.5678506940677743,2.181728594304638,2.2863854949253883,2.813106619019509,2.2390573448942312,2.183555250005654
2021-02-08,2.3202195268495305,2.8514413441406377,1.551388323994358,2.209664402748401,2.3202195268495305,2.8514413441406377,2.2496687704532796,2.2123873722057557
2021-02-09,2.3149827076323746,2.8479656171994456,1.5468007644873967,2.2048234585570152,2.3149827076323746,2.8479656171994456,2.260225965645494,2.2076049786027134
2021-02-10,2.316268140180848,2.8522035499416067,1.5320721567148532,2.205710492124366,2.316268140180848,2.8522035499416067,2.2596089791926652,2.2080907547064124
2021-02-11,2.3281327574506943,2.8824514110267465,1.532510097822278,2.2171679540700695,2.3281327574506943,2.8824514110267465,2.2526869452817344,2.2186620360768448
2021-02-12,2.319170631831434,2.8731989842748544,1.4874728867698548,2.206441390277715,2.319170631831434,2.8731989842748544,2.235522945605269,2.2077335129825437
2021-02-15,2.3396805237679286,2.8865745471814575,1.481758071646358,2.221307272487406,2.3396805237679286,2.8865745471814575,2.1936555856741276,2.2225670151901573
2021-02-16,2.3522561741332133,2.8928232105609055,1.4857029085756905,2.2309568212521764,2.3522561741332133,2.8928232105609055,2.220315498476066,2.233668510842293
2021-02-17,2.344660632235613,2.8840336418376435,1.4588208992983394,2.222276813633268,2.344660632235613,2.8840336418376435,2.2291548028489596,2.225609142091823
2021-02-18,2.347696584473608,2.8730190693172077,1.4294458134602044,2.2226142293387716,2.347696584473608,2.8730190693172077,2.2496279995717376,2.228061284694924
2021-02-19,2.3159442557868717,2.8548601928615773,1.3957053223401843,2.194870978388153,2.3159442557868717,2.8548601928615773,2.216769813726302,2.1992237443142364
2021-02-22,2.2829055071330586,2.7936679190089486,1.3737284491369937,2.1636235179295933,2.2829055071330586,2.7936679190089486,2.2050118047637604,2.168301334745066
2021-02-23,2.299167862221976,2.8059106272256233,1.4010014648759586,2.175309438272523,2.299167862221976,2.8059106272256233,2.2004489037582142,2.181487117708008
2021-02-24,2.324492998518237,2.8457164389327794,1.399150573670684,2.198177067963899,2.324492998518237,2.8457164389327794,2.2024698701096477,2.204993771532724
2021-02-25,2.3586036903443905,2.887935204660743,1.3877113653270632,2.2258533651943933,2.3586036903443905,2.887935204660743,2.2265906460194023,2.2319915225433653
2021-02-26,2.2763507883923455,2.79258021117524,1.3312348375900491,2.152032570124413,2.2763507883923455,2.79258021117524,2.1469239488446408,2.1581803353829168
2021-03-01,2.3192883287182267,2.8286757579060606,1.3650972275931528,2.1921132786549484,2.3192883287182267,2.8286757579060606,2.2144425128308334,2.1976694481670864
2021-03-02,2.353295596418104,2.8639380329583455,1.3586643772752554,2.2257045197417202,2.353295596418104,2.8639380329583455,2.225393334209043,2.231618620707394
2021-03-03,2.3897243287208116,2.930262882428848,1.3791200802318775,2.2569787210242507,2.3897243287208116,2.930262882428848,2.2694460124984412,2.263356523650878
2021-03-04,2.375627497764586,2.9038394482872425,1.3683662551021165,2.245697033971569,2.375627497764586,2.9038394482872425,2.2639479086474474,2.251779095612549
2021-03-05,2.3488300066356382,2.8801820772575555,1.361725605059639,2.2235113419725216,2.3488300066356382,2.8801820772575555,2.258749386279834,2.229709255773241
2021-03-08,2.3553767532488727,2.887322066853642,1.3691228054714997,2.2279635259921924,2.3553767532488727,2.887322066853642,2.2608197285047185,2.2340782196128033
2021-03-09,2.355964273064169,2.904216496341779,1.3520298731923237,2.2290922080354636,2.355964273064169,2.904216496341779,2.2788831645210346,2.2354465055249757
2021-03-10,2.3744192194951528,2.91637456159674,1.4169705670185517,2.2476847465108842,2.3744192194951528,2.91637456159674,2.326545357794049,2.253740731341423
2021-03-12,2.356544384418382,2.8873057831247495,1.3962016609534809,2.230017984938821,2.356544384418382,2.8873057831247495,2.3214845758751688,2.2364216970424544
2021-03-15,2.351468802569608,2.8717096265341353,1.415811952281889,2.2247442321071396,2.351468802569608,2.8717096265341353,2.381287795653702,2.2310480974920743
2021-03-16,2.3534842822751285,2.874942397564703,1.4572094720586248,2.228624945064483,2.3534842822751285,2.874942397564703,2.4039956983384383,2.234209233576373
2021-03-17,2.311450271725737,2.8341906671716344,1.4850972524162214,2.191556901043867,2.311450271725737,2.8341906671716344,2.3779069693569026,2.1968150328123
2021-03-18,2.291368685656294,2.795289402716761,1.4948698005419794,2.1704683188209315,2.291368685656294,2.795289402716761,2.3813151399553436,2.1755464923273693
2021-03-19,2.31961111120886,2.8415875239462642,1.5245459771742869,2.1970140185995977,2.31961111120886,2.8415875239462642,2.4177358444397643,2.202266879577179
2021-03-22,2.334963594898957,2.847815918950189,1.5961656102620714,2.2145259735173055,2.334963594898957,2.847815918950189,2.451577237210161,2.2186653021999465
2021-03-23,2.346109695323272,2.8674709873714037,1.6119373645266508,2.2246625410845566,2.346109695323272,2.8674709873714037,2.4451524276227805,2.2284389734346486
2021-03-24,2.3052306026305116,2.8198765298113755,1.6336572582373585,2.1904539027391117,2.3052306026305116,2.8198765298113755,2.4527449714148526,2.1937938157188155
2021-03-25,2.2619187103972758,2.7644176850409963,1.5455892655552623,2.1481374738307,2.2619187103972758,2.7644176850409963,2.364721794012182,2.1517509197250724
2021-03-26,2.2928286090607912,2.792140120572072,1.5707003393945758,2.178359211419868,2.2928286090607912,2.792140120572072,2.397546767751174,2.181506512425097
2021-03-30,2.3435654514382893,2.856151715864362,1.619104570896681,2.228348550666186,2.3435654514382893,2.856151715864362,2.4881273829592736,2.2313668218875202
2021-03-31,2.3356630547891406,2.8361830818074676,1.6326622584359138,2.2213982479898493,2.3356630547891406,2.8361830818074676,2.48996000269337,2.2238840036864356
2021-04-01,2.376871918129649,2.865257886029962,1.6164209599173298,2.2542696650111353,2.376871918129649,2.865257886029962,2.4795820554254604,2.2571540032949287
2021-04-05,2.3479448661539064,2.8354740947283825,1.6621756690880392,2.230796727827813,2.3479448661539064,2.8354740947283825,2.501405534091544,2.2331074805269817
2021-04-06,2.3679739389900902,2.842980486288046,1.7003184227617973,2.2500732380218604,2.3679739389900902,2.842980486288046,2.5182586764582933,2.251537658252471
2021-04-07,2.388096450735655,2.867677408704712,1.7149684881893505,2.2696837379132404,2.388096450735655,2.867677408704712,2.554993716170846,2.271424422229621
2021-04-08,2.4037430780185,2.8781033721928897,1.7617829307121733,2.2853897524667484,2.4037430780185,2.8781033721928897,2.5909873699570043,2.287111620226835
2021-04-09,2.4026068519746775,2.869390368442252,1.8316735552872976,2.286909399588458,2.4026068519746775,2.869390368442252,2.6305915455717366,2.2881654156544573
2021-04-12,2.3104189625357905,2.769704466621356,1.8874638619438069,2.2097699106657713,2.3104189625357905,2.769704466621356,2.5762054242955377,2.210674328247835
2021-04-13,2.341818462329889,2.7894124831103535,1.8312274289638535,2.231318914180222,2.341818462329889,2.7894124831103535,2.576944148729931,2.232486077016464
2021-04-15,2.3475019989765085,2.8105430072354145,1.7608968855764477,2.234992398664408,2.3475019989765085,2.8105430072354145,2.5094933764543117,2.2363600831965407
2021-04-16,2.3702711680207917,2.8133931458513235,1.7822587177753908,2.256841656277504,2.3702711680207917,2.8133931458513235,2.485983198080072,2.2572659314642003
2021-04-19,2.3269958332238843,2.768895627669231,1.8169707147189227,2.2193744918287686,2.3269958332238843,2.768895627669231,2.453478514936965,2.21952997846686
2021-04-20,2.331318749286819,2.762515704552751,1.824876806236061,2.2220104538757273,2.331318749286819,2.762515704552751,2.4381530274711256,2.2222146907672835
2021-04-22,2.3390427647301895,2.7733598689514602,1.8203504611895933,2.226387276477132,2.3390427647301895,2.7733598689514602,2.4042819247915292,2.227753063481336
2021-04-23,2.3287783300274265,2.7603030868425127,1.7561928085656593,2.214891800168209,2.3287783300274265,2.7603030868425127,2.3497118658373553,2.2161535052804733
2021-04-26,2.347615850746248,2.787903776487515,1.7713327502521377,2.229863527557158,2.347615850746248,2.787903776487515,2.3498213653773434,2.231297649981081
2021-04-27,2.373866241137864,2.828357568958042,1.7895215868141303,2.25225438837789,2.373866241137864,2.828357568958042,2.349246799023572,2.25410932278647
2021-04-28,2.399089968148967,2.8575134454026663,1.8005785225585753,2.2732906540390267,2.399089968148967,2.8575134454026663,2.4001686710709924,2.275107631451351
2021-04-29,2.41154034191298,2.869120762856097,1.740813900616621,2.2811644555007016,2.41154034191298,2.869120762856097,2.391642953201442,2.2838946166173204
2021-04-30,2.3935832929040544,2.8249035752734395,1.7815569010939398,2.2648864453898443,2.3935832929040544,2.8249035752734395,2.347139042219309,2.2666430559388377
2021-05-03,2.4044820235051874,2.8216074544342193,1.731973237220605,2.2733482988395193,2.4044820235051874,2.8216074544342193,2.321861609504405,2.2753182024472074
2021-05-04,2.387158956712909,2.794339524292853,1.6714160829457951,2.255429083735604,2.387158956712909,2.794339524292853,2.3167623575621885,2.2578871431006524
2021-05-05,2.4103814241374506,2.817909946350262,1.6899461834466258,2.277005220476028,2.4103814241374506,2.817909946350262,2.321624629965438,2.2782804246441537
2021-05-06,2.429393808073223,2.8339333588423856,1.7399711014166708,2.2947305136730187,2.429393808073223,2.8339333588423856,2.28869170329563,2.2960569023969355
2021-05-07,2.444288573672806,2.847331592831007,1.6677336819858926,2.305417163047107,2.444288573672806,2.847331592831007,2.252078058222132,2.307346096922777
2021-05-10,2.4755464567695986,2.863778746983099,1.6884734911624377,2.332016853866108,2.4755464567695986,2.863778746983099,2.1897988008165092,2.333123828779238
2021-05-11,2.4738574336403985,2.8553882291681933,1.6733707801749393,2.32996214781121,2.4738574336403985,2.8553882291681933,2.1844185024939393,2.3305493310770418
2021-05-12,2.448051792899044,2.8266249633057625,1.673867868755061,2.3087529224203474,2.448051792899044,2.8266249633057625,2.2024711902158978,2.308852709004828
2021-05-14,2.435839023342998,2.828199490216917,1.6511239002489877,2.3025274534234836,2.435839023342998,2.828199490216917,2.244855392031685,2.302083620214751
2021-05-17,2.4689823185693354,2.867787516745899,1.632759948631072,2.3278452888607766,2.4689823185693354,2.867787516745899,2.291262508862043,2.3277065611329824
2021-05-18,2.5013114189663437,2.9003145893644113,1.6134359262204139,2.35557029626845,2.5013114189663437,2.9003145893644113,2.339186905243746,2.3564101367907746
2021-05-19,2.4979459813576734,2.8939285476275174,1.6051965502684624,2.3536424894355883,2.4979459813576734,2.8939285476275174,2.3324678648612296,2.354310075679803
2021-05-20,2.4765975829414804,2.871852254716734,1.6160166762652288,2.3347967388386395,2.4765975829414804,2.871852254716734,2.2874808511781586,2.3343947162099536
2021-05-21,2.505667898678178,2.914020691362581,1.6249636800229577,2.360977253981092,2.505667898678178,2.914020691362581,2.295275869760557,2.3598809525212925
2021-05-24,2.506995894526599,2.9124848418717795,1.648019545390525,2.3619944212490105,2.506995894526599,2.9124848418717795,2.2447093721787006,2.3598064177068276
2021-05-25,2.519610658925974,2.914127433639606,1.6617392329389915,2.3753222499941256,2.519610658925974,2.914127433639606,2.270082812131622,2.3727758657465645
2021-05-26,2.5283639640870983,2.9304801160756746,1.6478123014639183,2.384701465316212,2.5283639640870983,2.9304801160756746,2.2361595787765083,2.3821992554480262
2021-05-27,2.536824197097281,2.940996000047633,1.6289491981537185,2.392082645028516,2.536824197097281,2.940996000047633,2.2022260326189524,2.3896377150865433
2021-05-28,2.53832614380674,2.9765330807012536,1.6003438126707175,2.3933779090657614,2.53832614380674,2.9765330807012536,2.151745166759061,2.3906965209432314
2021-05-31,2.5590279203601356,3.016778560145524,1.642932728163243,2.413583270879226,2.5590279203601356,3.016778560145524,2.2069257504595363,2.410962335076774
2021-06-01,2.5645840991903204,3.0196163829349603,1.6288716668051453,2.4161698645553615,2.5645840991903204,3.0196163829349603,2.1944066327614267,2.414058831999008
2021-06-02,2.5770071853938976,3.027209843688573,1.602965514416933,2.4232050809008334,2.5770071853938976,3.027209843688573,2.1503256180557058,2.421096235606322
2021-06-03,2.598095593538811,3.048507572975214,1.6142375548582644,2.441945874498211,2.598095593538811,3.048507572975214,2.160616713947855,2.440164756969634
2021-06-04,2.6054490219355357,3.039351858753087,1.597845980191966,2.4458191945465373,2.6054490219355357,3.039351858753087,2.1206003288923823,2.4438369998050846
2021-06-07,2.6193490329917766,3.0635168197798945,1.629694192706005,2.460461556600168,2.6193490329917766,3.0635168197798945,2.1788116653886136,2.458145518250156
2021-06-08,2.6236459611103213,3.06369462598623,1.632351419248162,2.4677412248628685,2.6236459611103213,3.06369462598623,2.183151886195264,2.465411052798407
2021-06-09,2.6077196717913207,3.0403418481232314,1.6524061926188909,2.4546406974484363,2.6077196717913207,3.0403418481232314,2.2237879588812692,2.452418522221243
2021-06-10,2.6269954886897438,3.060787864043023,1.6723188307717467,2.4714692305661994,2.6269954886897438,3.060787864043023,2.1992305590605032,2.4695370094317273
2021-06-11,2.637234650400289,3.0828021311663845,1.6789500531612416,2.4803294452348066,2.637234650400289,3.0828021311663845,2.175522147347817,2.4782994760593957
2021-06-14,2.6319798108853103,3.0918839584802513,1.6948745196305954,2.4793360586679167,2.6319798108853103,3.0918839584802513,2.172689976480471,2.477067590435361
2021-06-15,2.6347912240343634,3.1001386751691236,1.6929680559285258,2.4816291967072837,2.6347912240343634,3.1001386751691236,2.1466015285081497,2.4794780370170755
2021-06-16,2.613139020385184,3.0782187450764367,1.6819960598702548,2.4669986867895006,2.613139020385184,3.0782187450764367,2.1537538774909257,2.464613430548167
2021-06-17,2.5890449421466672,3.070123719463547,1.69417198047671,2.4499793793021305,2.5890449421466672,3.070123719463547,2.102190515662451,2.4474772058116043
2021-06-18,2.5833031800650006,3.0718454481479336,1.701004521722335,2.4419524134452084,2.5833031800650006,3.0718454481479336,2.1552731428209433,2.440771629805549
2021-06-21,2.596096174424775,3.083051667762377,1.700790568593408,2.4521449995854,2.596096174424775,3.083051667762377,2.1905201959405862,2.451524868828074
2021-06-22,2.605621494016928,3.085755976892858,1.6867445813465,2.4610334449618403,2.605621494016928,3.085755976892858,2.1983268707753973,2.4602283278959907
2021-06-23,2.595845723290176,3.0673390997148484,1.6841844815927849,2.452858710410739,2.595845723290176,3.0673390997148484,2.1953219762260137,2.45202589207247
2021-06-24,2.6076982241927507,3.0792722677964997,1.6971046176115532,2.4653454078593597,2.6076982241927507,3.0792722677964997,2.2168894065175535,2.4644002324821273
2021-06-25,2.6242612562697003,3.0779892226261203,1.7226004648235413,2.4791074606261785,2.6242612562697003,3.0779892226261203,2.2513343467587945,2.4774885247249014
2021-06-28,2.6260491392085,3.065084703409826,1.717569357257963,2.480003441169066,2.6260491392085,3.065084703409826,2.2423825126306984,2.478192773093806
2021-06-29,2.616721044571405,3.0581396989754395,1.720160752461609,2.4724407695606074,2.616721044571405,3.0581396989754395,2.254579676682501,2.4711474108422653
2021-06-30,2.6090640353208108,3.060583598503869,1.7131914732267213,2.4671435091191363,2.6090640353208108,3.060583598503869,2.228189393363369,2.4658448342585104
2021-07-01,2.6089654469437193,3.0529674500398714,1.6901579109475497,2.4674607261445876,2.6089654469437193,3.0529674500398714,2.2237701750425436,2.466073634464999
2021-07-02,2.6080184029233333,3.063130520025698,1.675204123838445,2.4682234595457246,2.6080184029233333,3.063130520025698,2.2368316573954643,2.4665435844021237
2021-07-05,2.622592597982253,3.083748244310977,1.6878919328902628,2.4803695414784626,2.622592597982253,3.083748244310977,2.272226606853725,2.4783544217780387
2021-07-06,2.6190403165087375,3.0712828734079007,1.6891205880266058,2.474499267303784,2.6190403165087375,3.0712828734079007,2.2760588195021567,2.472579931165749
2021-07-07,2.631236974522736,3.076517758139609,1.7017093585417569,2.483864800617018,2.631236974522736,3.076517758139609,2.2959015096372384,2.4819624732582466
2021-07-08,2.6095731666976696,3.049106395508396,1.6781107393902484,2.4646197788512714,2.6095731666976696,3.049106395508396,2.270391112746694,2.46287553999
2021-07-09,2.6162590399255077,3.037099996619123,1.6864297642141024,2.468869616054702,2.6162590399255077,3.037099996619123,2.315236969328918,2.46714365105375
2021-07-12,2.620101121369415,3.039222412733398,1.6722079538212329,2.4720317892513464,2.620101121369415,3.039222412733398,2.28429828415443,2.470357498590299
2021-07-13,2.6311274302823717,3.0541811720044527,1.6667331538305854,2.481702278113472,2.6311274302823717,3.0541811720044527,2.2834282488686006,2.4799186676803537
2021-07-14,2.638719662871429,3.060404942145457,1.6565345041582895,2.4900961266149744,2.638719662871429,3.060404942145457,2.2483615252132068,2.4876965315541693
2021-07-15,2.647248530124333,3.069290142064031,1.6143206377021788,2.4988638423581917,2.647248530124333,3.069290142064031,2.2159012052513045,2.4956585378023157
2021-07-16,2.6479746863527156,3.07700421484539,1.6376714314378737,2.499794947779395,2.6479746863527156,3.07700421484539,2.17328254321839,2.496850640273315
2021-07-19,2.631564503483768,3.05196523827648,1.649154848229468,2.486814059801893,2.631564503483768,3.05196523827648,2.1799061427184125,2.4837254367566373
2021-07-20,2.608699669517556,3.035736569302785,1.6833152077005051,2.4683827617880487,2.608699669517556,3.035736569302785,2.171686971349604,2.4655351681842794
2021-07-22,2.645515467695063,3.0693620816765383,1.6613545784394248,2.498670343917869,2.645515467695063,3.0693620816765383,2.159908438708003,2.4966411747586505
2021-07-23,2.6491337341255856,3.0708156244654687,1.6439184375546723,2.5036967260011087,2.6491337341255856,3.0708156244654687,2.1828895224371867,2.5011218236013857
2021-07-26,2.6518413126483167,3.058490584549129,1.6673372149889112,2.5058838176524008,2.6518413126483167,3.058490584549129,2.2739983369860886,2.5038892244738085
2021-07-27,2.6348094855490727,3.0421399875082327,1.6213808956702147,2.4870404189291357,2.6348094855490727,3.0421399875082327,2.2701976485104627,2.4851232743213187
2021-07-28,2.630801279171284,3.035288886746396,1.616275405208079,2.481751612562093,2.630801279171284,3.035288886746396,2.2836632031654447,2.4801485754202215
2021-07-29,2.6428101519680482,3.048391246176641,1.578112512057892,2.4876311237963367,2.6428101519680482,3.048391246176641,2.254050092330017,2.486441411640743
2021-07-30,2.649558424480233,3.03906733743429,1.5638453550944833,2.4977981910847706,2.649558424480233,3.03906733743429,2.1787369639839946,2.495536718780348
2021-08-02,2.669859787619458,3.069709643856754,1.5781243250071133,2.5178155436412375,2.669859787619458,3.069709643856754,2.2227258726216967,2.5158653345488524
2021-08-03,2.706255273539007,3.112543389444961,1.587608114688877,2.5534370408144302,2.706255273539007,3.112543389444961,2.2860515597829014,2.5519179982493663
2021-08-04,2.7028210729237876,3.1247000119095993,1.5894703495644558,2.5497472777796055,2.7028210729237876,3.1247000119095993,2.279378571904864,2.5475519542346987
2021-08-05,2.7081742954365655,3.140487756165169,1.5808053528823118,2.5577896909748774,2.7081742954365655,3.140487756165169,2.269891014643034,2.555143007691925
2021-08-06,2.7106554084366454,3.1276234921761383,1.5781133064753603,2.5570069057599927,2.7106554084366454,3.1276234921761383,2.249587900898734,2.5550245611749425
2021-08-09,2.707909663445413,3.1274588842258444,1.587266180535402,2.5573250043962372,2.707909663445413,3.1274588842258444,2.2652105857329032,2.5546465166734147
2021-08-10,2.698772509080787,3.131244600300793,1.5723040001135327,2.5527180748671516,2.698772509080787,3.131244600300793,2.2429356730736996,2.5497363246657843
2021-08-11,2.703683401631566,3.140547894322732,1.5805616180547373,2.5550133536439383,2.703683401631566,3.140547894322732,2.241292409679658,2.55136162795777
2021-08-12,2.718460455506683,3.150523584358649,1.6029010537864834,2.5681522225285653,2.718460455506683,3.150523584358649,2.263524609437462,2.5651508767658404
2021-08-13,2.7302052275967763,3.189913808137162,1.5940075784812142,2.5817736143017704,2.7302052275967763,3.189913808137162,2.2701418942111964,2.5779966844892255
2021-08-16,2.733400799918614,3.2000502221033997,1.600796623698836,2.5830359391157307,2.733400799918614,3.2000502221033997,2.230008364193891,2.579526642305591
2021-08-17,2.751117450547343,3.2140981908219173,1.6449739959502783,2.6034646485303856,2.751117450547343,3.2140981908219173,2.2917861927859633,2.600910412443519
2021-08-18,2.7497350871239417,3.2119685537398377,1.638192691062914,2.6024883798839675,2.7497350871239417,3.2119685537398377,2.2864450025349146,2.6001516006184713
2021-08-20,2.715210934757229,3.189966619987212,1.6321370058631866,2.5782696079185006,2.715210934757229,3.189966619987212,2.36222901179725,2.576330169940908
2021-08-23,2.71064767676216,3.205841255782586,1.6284221880436742,2.5754694093718182,2.71064767676216,3.205841255782586,2.3395080757733955,2.5728000977153216
2021-08-24,2.741970077059739,3.2297336317995535,1.6517826063796692,2.5980158001667695,2.741970077059739,3.2297336317995535,2.388170429198938,2.596108614853985
2021-08-25,2.740266295890193,3.2381188060481083,1.6378150781098868,2.5962917176351588,2.740266295890193,3.2381188060481083,2.37724879551665,2.5942607590021782
2021-08-26,2.732740640002093,3.241840930502044,1.6180805920333783,2.5921049792393496,2.732740640002093,3.241840930502044,2.3611249644890715,2.5898601471291682
2021-08-27,2.752727863575178,3.255586016952606,1.6376663883992655,2.6094616517332074,2.752727863575178,3.255586016952606,2.382509536989566,2.6068021237715744
2021-08-30,2.7928301748698745,3.298847390249758,1.6373373347339586,2.644561406452941,2.7928301748698745,3.298847390249758,2.40241719976148,2.6433251018479527
2021-08-31,2.833533752564705,3.334514046388141,1.6821400389903975,2.678768541089765,2.833533752564705,3.334514046388141,2.4699751726595154,2.6768618484531244
2021-09-01,2.827228666997011,3.3266259534731026,1.671209617627786,2.674084259663372,2.827228666997011,3.3266259534731026,2.460807802660703,2.6723686744837303
2021-09-02,2.8461730925383555,3.3629909970101792,1.6836370957970592,2.6937385637014186,2.8461730925383555,3.3629909970101792,2.474154354663525,2.691001442624044
2021-09-03,2.8632181263201786,3.3990730221203957,1.6786599079701272,2.7105971844347634,2.8632181263201786,3.3990730221203957,2.4717852108217913,2.70806565176352
2021-09-06,2.869500306728705,3.415582131748142,1.6947286471323053,2.716910079803263,2.869500306728705,3.415582131748142,2.4765718424313676,2.713932411863813
2021-09-07,2.8589076993551608,3.4102730521973457,1.6877876183590892,2.7076464436331147,2.8589076993551608,3.4102730521973457,2.4873053380517764,2.7056943783387086
2021-09-08,2.8592057740710697,3.4059399463420386,1.7017557981032447,2.7073052747088866,2.8592057740710697,3.4059399463420386,2.4927253073571514,2.705893893644396
2021-09-09,2.865603089655701,3.4107455942737404,1.705895616304478,2.7135463254127403,2.865603089655701,3.4107455942737404,2.5002616579000185,2.7120173499437175
2021-09-13,2.875332777450948,3.4007448820672854,1.7036700469970847,2.7214916033812213,2.875332777450948,3.4007448820672854,2.516770772509375,2.7208101652499974
2021-09-14,2.885050527313018,3.407436192881056,1.7028635431159658,2.731808131651202,2.885050527313018,3.407436192881056,2.495367530545335,2.7309818508311596
2021-09-15,2.9138765371994118,3.440013640506807,1.7102518273677008,2.7575577421003756,2.9138765371994118,3.440013640506807,2.5395872128625427,2.7564230435537063
2021-09-16,2.926507297629381,3.466401200916937,1.746970839658673,2.7736624998231787,2.926507297629381,3.466401200916937,2.5418899597498856,2.7712395427236656
2021-09-17,2.914856049925207,3.4432894934468017,1.7643458438255344,2.76455626384612,2.914856049925207,3.4432894934468017,2.5307250101534846,2.7625471136018556
2021-09-20,2.869291859986365,3.4211165897933746,1.752128575042505,2.728004347841911,2.869291859986365,3.4211165897933746,2.4915584226478065,2.7265311881926957
2021-09-21,2.9008011660653774,3.448324486490938,1.7627148852432835,2.7540409001281003,2.9008011660653774,3.448324486490938,2.511359859781186,2.751625786295447
2021-09-22,2.909090266061775,3.4536719506711093,1.7780233631865652,2.7604749821150247,2.909090266061775,3.4536719506711093,2.5495571751400585,2.758079042866628
2021-09-23,2.944968049359437,3.5040626653024205,1.7841629165923765,2.791826315358184,2.944968049359437,3.5040626653024205,2.5820273725683203,2.788801689392109
2021-09-24,2.933283823296157,3.5038612073803646,1.7775659965490116,2.784202274980502,2.933283823296157,3.5038612073803646,2.602948900993682,2.7820575789799675
2021-09-27,2.9337015213715985,3.5121722504426387,1.7919435198778746,2.787349020278165,2.9337015213715985,3.5121722504426387,2.6249149284669446,2.783849059909809
2021-09-28,2.923285029378937,3.499902449067802,1.7647036330248793,2.7804707062180687,2.923285029378937,3.499902449067802,2.62546956656598,2.77587831630252
2021-09-29,2.939932766400938,3.4983234876293454,1.7490733208873863,2.79355055709487,2.939932766400938,3.4983234876293454,2.63959674875531,2.7880030534717983
2021-09-30,2.921168079049254,3.4799661761663216,1.7367340623293728,2.7746471333213822,2.921168079049254,3.4799661761663216,2.629470611056179,2.768958582663207
2021-10-01,2.915971298220719,3.467083607093485,1.7247188431575127,2.7701833745128557,2.915971298220719,3.467083607093485,2.6273217301899185,2.764444141816974
2021-10-04,2.9459386717257945,3.5009552967746598,1.729653588898758,2.794525186138955,2.9459386717257945,3.5009552967746598,2.6390978737325432,2.7883935676571756
2021-10-05,2.9633377119811675,3.537356231922751,1.7439272934794072,2.811634994629207,2.9633377119811675,3.537356231922751,2.6764576833496787,2.805767190367307
2021-10-06,2.925468161542717,3.4966733310666274,1.7404763733304645,2.7797185880183286,2.925468161542717,3.4966733310666274,2.6448350801942757,2.774172873459349
2021-10-07,2.9536861765172873,3.5271536283941023,1.7081956726497995,2.806422540908054,2.9536861765172873,3.5271536283941023,2.6559898243314137,2.7999641924649925
2021-10-08,2.9590639919731556,3.564775186919437,1.7122345865725221,2.8107386518206297,2.9590639919731556,3.564775186919437,2.6375112670822256,2.8042273344146014
2021-10-11,2.9779808736822697,3.550635032205894,1.742247431424987,2.8290810934717285,2.9779808736822697,3.550635032205894,2.692213140760809,2.8210632927222767
2021-10-12,2.9914427113758655,3.5601187707680104,1.7504388207569797,2.842524595321713,2.9914427113758655,3.5601187707680104,2.690021403542581,2.8341844288342775
2021-10-13,3.0166481983453233,3.5851732459491967,1.7623728781732992,2.8661568437598115,3.0166481983453233,3.5851732459491967,2.694796179863806,2.8565624818990667
2021-10-14,3.045663675940507,3.610059734345734,1.7750288379305468,2.8933359030432055,3.045663675940507,3.610059734345734,2.688083176921606,2.8799921560418555
2021-10-18,3.057326663599862,3.6312260396935505,1.7640796866975872,2.9019630529970852,3.057326663599862,3.6312260396935505,2.6805356821054587,2.8896707983701653
2021-10-19,3.024938692851777,3.618594431430696,1.744692814398948,2.8728416424652683,3.024938692851777,3.618594431430696,2.6556762551622497,2.8603609556440577
2021-10-20,2.992208842532097,3.5884342327139285,1.7048846774749973,2.841859030341458,2.992208842532097,3.5884342327139285,2.619434474137588,2.8288115811099264
2021-10-21,2.978110032949104,3.5463834472461064,1.696952280804851,2.829145930149618,2.978110032949104,3.5463834472461064,2.6442167045812073,2.8172585334657607
2021-10-22,2.95011481115404,3.5285035537236653,1.6860960804614604,2.8050751987790927,2.95011481115404,3.5285035537236653,2.619098612413115,2.793009298831521
2021-10-25,2.9373637650656494,3.5195911671567113,1.6333295226804094,2.790954793195564,2.9373637650656494,3.5195911671567113,2.5993761376383393,2.7771578472506233
2021-10-26,2.9671906719088605,3.55249654068557,1.6569974503752138,2.8177450388755942,2.9671906719088605,3.55249654068557,2.6267022756200813,2.8033357636434606
2021-10-27,2.961677614219501,3.539286315977083,1.693967397700948,2.8132560421085877,2.961677614219501,3.539286315977083,2.6619263261145307,2.7990187211202313
2021-10-28,2.901235532361529,3.4713450066704747,1.6869707523208615,2.758767605279119,2.901235532361529,3.4713450066704747,2.6131546043707035,2.7471977394265403
2021-10-29,2.885825063478204,3.4339380376932183,1.6843031132051192,2.744813664938203,2.885825063478204,3.4339380376932183,2.6140138626813454,2.7317435341423453
2021-11-01,2.9349008817184004,3.4808750915254145,1.6531069000306897,2.7867493595470596,2.9349008817184004,3.4808750915254145,2.6385765244513957,2.7756041506086273
2021-11-02,2.9256858907260694,3.469048926963794,1.6526744723759426,2.7798881784491027,2.9256858907260694,3.469048926963794,2.6211788395784206,2.768293431479724
2021-11-03,2.92426214028203,3.4575110129872413,1.6348135336865557,2.7766288908538175,2.92426214028203,3.4575110129872413,2.6476377461690688,2.7630684432911186
2021-11-04,2.941411575900647,3.4762990646226988,1.6529921746477003,2.793980908950346,2.941411575900647,3.4762990646226988,2.6784092331988067,2.7812406857871736
2021-11-08,2.9636268628153615,3.494047100347434,1.6615141731448642,2.816537750921633,2.9636268628153615,3.494047100347434,2.7340778754745836,2.8002881905229584
2021-11-09,2.965879287842094,3.4975043216865807,1.648939058895326,2.817229155313963,2.965879287842094,3.4975043216865807,2.7494008436559567,2.8004031190998813
2021-11-10,2.962263568623492,3.4977543668073845,1.674833961423371,2.815869551363607,2.962263568623492,3.4977543668073845,2.7515596911683278,2.7979476115456663
2021-11-11,2.939625150692414,3.479670050351712,1.6521946722484322,2.793211171107936,2.939625150692414,3.479670050351712,2.7288741924216358,2.7761426839921852
2021-11-12,2.9692207035269105,3.5208459773849365,1.6664773861133366,2.8199313431408144,2.9692207035269105,3.5208459773849365,2.756377061912796,2.8013297201402825
2021-11-15,2.9779286949862636,3.5245293331773224,1.6679689904129262,2.828732601211284,2.9779286949862636,3.5245293331773224,2.747966934981178,2.8093959355858305
2021-11-16,2.9640257479526353,3.49513794664568,1.6844646212573602,2.8159807677823396,2.9640257479526353,3.49513794664568,2.7283722580313206,2.7978140472166584
2021-11-17,2.9590660606167103,3.4683619002768715,1.665580792161034,2.806897693392747,2.9590660606167103,3.4683619002768715,2.7364616158921518,2.7893020192479194
2021-11-18,2.922257532584297,3.4489893226592625,1.6550390311685497,2.773937462710597,2.922257532584297,3.4489893226592625,2.6955988623545686,2.755839790124004
2021-11-22,2.872286262607421,3.3765895029607447,1.6323975303392335,2.7260604947735714,2.872286262607421,3.3765895029607447,2.6702306160135127,2.708498672601574
2021-11-23,2.8983026802478413,3.3965662262743046,1.6494147098802943,2.748763962368004,2.8983026802478413,3.3965662262743046,2.67694077740989,2.7313170571443024
2021-11-24,2.8898437405846185,3.3758794002813772,1.6453143588692867,2.7373179106064147,2.8898437405846185,3.3758794002813772,2.6671201954978336,2.719988644322689
2021-11-25,2.8988112299069315,3.42547839429641,1.6356365522087843,2.7449523955937005,2.8988112299069315,3.42547839429641,2.663230678642796,2.72763084964567
2021-11-26,2.817197471606742,3.337874194905817,1.6027498689875446,2.6757438842917565,2.817197471606742,3.337874194905817,2.581306342665473,2.6585401217612157
2021-11-29,2.809231501262261,3.3508599190840265,1.588350080216098,2.667306832268474,2.809231501262261,3.3508599190840265,2.552284161633461,2.6503652080836013
2021-11-30,2.7980787908420046,3.3353635095303162,1.579781360564243,2.659135851347979,2.7980787908420046,3.3353635095303162,2.526513533007025,2.6426959776563326
2021-12-01,2.8204661201043644,3.378359968524997,1.589755327079201,2.6764400371656936,2.8204661201043644,3.378359968524997,2.5289206696414324,2.659835118931029
2021-12-02,2.8600305408035567,3.418361946057506,1.6122447568949938,2.7125935414840274,2.8600305408035567,3.418361946057506,2.565270519222871,2.695874871133456
2021-12-03,2.834279846796403,3.3715518103498145,1.6003366065380824,2.6882541681313263,2.834279846796403,3.3715518103498145,2.559106336104148,2.6717513421859764
2021-12-06,2.781601149804059,3.3079260625488467,1.5808103215007612,2.6391813783925566,2.781601149804059,3.3079260625488467,2.536542874546929,2.6229074063749316
2021-12-07,2.8225743955654394,3.352572526758511,1.5890093946694182,2.6754780546875425,2.8225743955654394,3.352572526758511,2.5415177945751615,2.6591719471160724
2021-12-08,2.868287256491624,3.4084578256981395,1.619421723677495,2.718393326697598,2.868287256491624,3.4084578256981395,2.5916722087653388,2.70154833734765
2021-12-09,2.877380196965484,3.421849596132809,1.626895105359987,2.727736671501106,2.877380196965484,3.421849596132809,2.5980015100073532,2.710646475204468
2021-12-10,2.8782609462189823,3.426152740398383,1.6365283571835096,2.728625792378081,2.8782609462189823,3.426152740398383,2.6282017052702997,2.7113097206566192
2021-12-13,2.859998895607188,3.392793498816937,1.6205120016564574,2.710651399751304,2.859998895607188,3.392793498816937,2.5584462945928093,2.693434996004157
2021-12-14,2.860604757287262,3.382717018961242,1.6075693776181013,2.7113342277451133,2.860604757287262,3.382717018961242,2.529643574012858,2.6934604972086946
2021-12-15,2.8432822548205836,3.363201534570592,1.6060770433463147,2.6970189384787897,2.8432822548205836,3.363201534570592,2.5113968227426287,2.679380096863763
2021-12-16,2.8439044705640213,3.375011552108848,1.609379241379642,2.697493087132263,2.8439044705640213,3.375011552108848,2.5327563714394596,2.6797197742609553
2021-12-17,2.7936012693354897,3.3210587150855297,1.584862879585109,2.6545894576994145,2.7936012693354897,3.3210587150855297,2.5059182943417326,2.636576941392564
2021-12-20,2.7336152098543485,3.2543423750130196,1.5627075639962364,2.602550754131251,2.7336152098543485,3.2543423750130196,2.445774200666635,2.5837831955659722
2021-12-21,2.765564879175884,3.291096561279945,1.5777128254614794,2.631494898371899,2.765564879175884,3.291096561279945,2.4667634340716766,2.611511253683801
2021-12-22,2.7965962814304834,3.3336503480744786,1.569928608935478,2.6586866221622736,2.7965962814304834,3.3336503480744786,2.462030765594173,2.6392218540975283
2021-12-23,2.819284549127057,3.352870451511887,1.5627855495473433,2.680177568710724,2.819284549127057,3.352870451511887,2.458953947312916,2.6612151583349717
2021-12-24,2.801912159496756,3.345711398595246,1.5689330781495432,2.664517725055987,2.801912159496756,3.345711398595246,2.450032599156464,2.645151808951839
2021-12-27,2.813770842076478,3.356761993660877,1.592097152893247,2.6763077994415734,2.813770842076478,3.356761993660877,2.44892573396239,2.6571016564607115
2021-12-28,2.841206440682807,3.3867023102130434,1.6035604793460745,2.7021648865249834,2.841206440682807,3.3867023102130434,2.47300116848757,2.6828527012284002
2021-12-29,2.844275140764296,3.3835038534424826,1.591381547721227,2.7064763901092053,2.844275140764296,3.3835038534424826,2.4930659556109385,2.6869587900032843
2021-12-30,2.8448738384005625,3.3767570264983275,1.5948638577550809,2.707984570505191,2.8448738384005625,3.3767570264983275,2.4694064883927735,2.6880396938410316
2021-12-31,2.8742122411066093,3.4031985079550666,1.5960012098267304,2.7355062263546484,2.8742122411066093,3.4031985079550666,2.4913047256763456,2.715059558626684
2022-01-03,2.9095272779587535,3.4542630067839095,1.6249253337827176,2.7667460751996726,2.9095272779587535,3.4542630067839095,2.509418369121965,2.7463196720412983
2022-01-04,2.9298276597455155,3.4988521914651347,1.6337956898951729,2.785475352439991,2.9298276597455155,3.4988521914651347,2.5217087949739807,2.7650292014553783
2022-01-05,2.9532923984970476,3.519529115400602,1.6674505656642413,2.806154912097911,2.9532923984970476,3.519529115400602,2.592604074776868,2.786087220301935
2022-01-06,2.9386696145400193,3.4813179186825987,1.637421635453073,2.7903250720122843,2.9386696145400193,3.4813179186825987,2.5564166846772243,2.7703641830462624
2022-01-07,2.9516357318759985,3.500659497292052,1.6360800100238526,2.8029058951503085,2.9516357318759985,3.500659497292052,2.5559933519795175,2.782224919582507
2022-01-10,2.9766801571608563,3.5270572088262226,1.6453749052356732,2.82440338876919,2.9766801571608563,3.5270572088262226,2.5669522199638166,2.804500977113768
2022-01-11,2.9802052027656107,3.540011460131175,1.6098656849301334,2.8276581482466296,2.9802052027656107,3.540011460131175,2.5343366179263214,2.807908375993908
2022-01-12,2.998689853280133,3.5716373245088295,1.6367290028912747,2.842756610197758,2.998689853280133,3.5716373245088295,2.5505076666135618,2.822860463239968
2022-01-13,3.014181757212595,3.5816511395955315,1.593363357206858,2.8557404396143684,3.014181757212595,3.5816511395955315,2.576141982057705,2.834951113623351
2022-01-14,3.0073394521457466,3.5852499091692396,1.579134907391111,2.848796512492076,3.0073394521457466,3.5852499091692396,2.585968675984031,2.8298105231602007
2022-01-17,3.021103557651875,3.5997596656049673,1.5949116628909439,2.8620265525201165,3.021103557651875,3.5997596656049673,2.638370078073714,2.8427370465168758
2022-01-18,2.9709502024497687,3.5604443616740222,1.566986478513163,2.818349303604891,2.9709502024497687,3.5604443616740222,2.604183192576869,2.7988597936211
2022-01-19,2.953656965584969,3.5318849085524007,1.5380620709140567,2.7991583953520105,2.953656965584969,3.5318849085524007,2.5195589017782236,2.7794361548293276
2022-01-20,2.937683794407877,3.4932525985418312,1.5233810967941466,2.7812201582989022,2.937683794407877,3.4932525985418312,2.4740043415847457,2.762511568779721
2022-01-21,2.904064251036953,3.4751200582217674,1.5547295027961383,2.754648491571268,2.904064251036953,3.4751200582217674,2.4990836321109375,2.7358160297712373
2022-01-24,2.8233355069378385,3.3796117349172525,1.5493912049533982,2.6819348561254652,2.8233355069378385,3.3796117349172525,2.4463707619513486,2.6629785872699645
2022-01-25,2.8590320311699093,3.4044438423133494,1.5947160508589315,2.71418531903464,2.8590320311699093,3.4044438423133494,2.4767274204407452,2.6961760099901766
2022-01-27,2.830802137140911,3.363180533356549,1.6060596998799963,2.685463756458957,2.830802137140911,3.363180533356549,2.4745151777085512,2.669706103644973
2022-01-28,2.8370113009969664,3.365583054788058,1.6212524789596865,2.689877578051009,2.8370113009969664,3.365583054788058,2.502352744047462,2.67358832243753
2022-01-31,2.872538878341749,3.4162335374175297,1.6402813111640349,2.72539884396745,2.872538878341749,3.4162335374175297,2.5551684279239555,2.7095578806854523
2022-02-01,2.91499980902638,3.453058464719635,1.5798877436305543,2.76370302911081,2.91499980902638,3.453058464719635,2.5316007740831252,2.7461461332293244
2022-02-02,2.9456243487219105,3.4877195987591554,1.5893645906489287,2.789476152560125,2.9456243487219105,3.4877195987591554,2.5352503825683312,2.7720868541370343
2022-02-03,2.9212328455424186,3.451990492461594,1.5933370608429265,2.767488529468311,2.9212328455424186,3.451990492461594,2.5253008672547357,2.7498651891066235
2022-02-04,2.9158576820819984,3.4422281587884935,1.5774681296771793,2.7617665465113954,2.9158576820819984,3.4422281587884935,2.519906900082052,2.7435753612113074
2022-02-07,2.8727345429863833,3.393832896781452,1.541630555598786,2.7199192072016483,2.8727345429863833,3.393832896781452,2.4290395412866674,2.7008368209450184
2022-02-08,2.8809867698200544,3.408176961703911,1.5297035451235796,2.7272622679782246,2.8809867698200544,3.408176961703911,2.4485591204606285,2.7085529129749157
2022-02-09,2.919588374472594,3.447393223092704,1.5626319169817873,2.7616595322443733,2.919588374472594,3.447393223092704,2.472172514849404,2.7428403277641564
2022-02-10,2.9380295161825236,3.466999747151094,1.560164350931583,2.778439505828626,2.9380295161825236,3.466999747151094,2.4803733915266446,2.7595522470445903
2022-02-11,2.9027097021998873,3.4278552934047553,1.5591892891403254,2.7443333400327057,2.9027097021998873,3.4278552934047553,2.46627385553928,2.7254206552665297
2022-02-14,2.820026991802849,3.3498465451309123,1.5330234573693255,2.6695570592717384,2.820026991802849,3.3498465451309123,2.3988351974185944,2.6514380197531207
2022-02-15,2.8993166478894867,3.450628220995682,1.5277634537905924,2.7441872284315894,2.8993166478894867,3.450628220995682,2.465972378336109,2.72524229128969
2022-02-16,2.8975078194734816,3.443928997031161,1.5315291426545257,2.7426973786919993,2.8975078194734816,3.443928997031161,2.475081130084918,2.723616823193875
2022-02-17,2.8917715083039375,3.4430963419811693,1.5328846151091298,2.7368688135003647,2.8917715083039375,3.4430963419811693,2.4547879541623763,2.7180834800715794
2022-02-18,2.8827695229455217,3.4338248618591445,1.5184089028065155,2.729070084223448,2.8827695229455217,3.4338248618591445,2.381167955431944,2.7101727546202112
2022-02-21,2.8604347990590293,3.411527318842722,1.5211980440467783,2.709538004542334,2.8604347990590293,3.411527318842722,2.3535380482534105,2.6905500982053057
2022-02-22,2.846399776090551,3.380303099898568,1.500983741238618,2.694884255143844,2.846399776090551,3.380303099898568,2.360524006918894,2.6764681108873924
2022-02-23,2.843575567652372,3.3719984880587717,1.50169533254248,2.690964942034206,2.843575567652372,3.3719984880587717,2.363899076451447,2.6727115470338463
2022-02-24,2.704548940994872,3.2116688655792296,1.4464388726308612,2.5641491680250894,2.704548940994872,3.2116688655792296,2.256251997245887,2.5468856618982025
2022-02-25,2.785402953062035,3.2866073666391062,1.4913478852695359,2.6344310526212187,2.785402953062035,3.2866073666391062,2.294018852174014,2.617261116864874
2022-02-28,2.8197628992397177,3.3274694866289134,1.5022732088827935,2.6616086749132846,2.8197628992397177,3.3274694866289134,2.245735661904904,2.6448874198754355
2022-03-02,2.7973865733445917,3.3069563969403206,1.4955878037352697,2.635348173103308,2.7973865733445917,3.3069563969403206,2.245078878189922,2.6196140106821306
2022-03-03,2.7844262322157762,3.286511600614197,1.496563338597133,2.6181458887961666,2.7844262322157762,3.286511600614197,2.241902420100926,2.60330986089066
2022-03-04,2.739394533293066,3.236185400639697,1.4675987336622935,2.5789633448793827,2.739394533293066,3.236185400639697,2.2276295204436507,2.564075045189402
2022-03-07,2.6909556127035255,3.1614872764141055,1.4945848759745728,2.5313073020287837,2.6909556127035255,3.1614872764141055,2.1881776287241013,2.517459251257434
2022-03-08,2.7144573736154443,3.189899612170244,1.5034252897415483,2.555296992169903,2.7144573736154443,3.189899612170244,2.166022403787444,2.541249553667673
2022-03-09,2.755971720562875,3.26871428301725,1.519331634901902,2.5943714865948033,2.755971720562875,3.26871428301725,2.2258899880192065,2.5797471028921897
2022-03-10,2.798849430935941,3.3173479696795694,1.499740036804442,2.63437228556748,2.798849430935941,3.3173479696795694,2.185932285221178,2.6190613223345736
2022-03-11,2.8112719753852584,3.3234154669389633,1.5221865885665562,2.6444792202422343,2.8112719753852584,3.3234154669389633,2.1786723531669963,2.6295014745474443
2022-03-14,2.8330283556400997,3.364383594628853,1.540503588123966,2.665104407357664,2.8330283556400997,3.364383594628853,2.183543447703131,2.6496667785228913
2022-03-15,2.8050658944849998,3.3195102727307852,1.5826243083185023,2.64249791993885,2.8050658944849998,3.3195102727307852,2.158955307998085,2.6270187592306247
2022-03-16,2.856258355743446,3.378645267558152,1.5965706270961362,2.689131008978212,2.856258355743446,3.378645267558152,2.245819729222319,2.6743162577360016
2022-03-17,2.9046103458143846,3.4392886719071845,1.6622442843699246,2.7343798380186364,2.9046103458143846,3.4392886719071845,2.293097886441439,2.719604118082394
2022-03-21,2.8728820529435177,3.4058000848376904,1.6478367087082109,2.7023347080783005,2.8728820529435177,3.4058000848376904,2.2732739904431503,2.6878356693228187
2022-03-22,2.895023941818105,3.4486742705405793,1.6709676671621756,2.72056095806404,2.895023941818105,3.4486742705405793,2.316146379177261,2.7054423140904347
2022-03-23,2.8891288882090556,3.4414391741406356,1.6607721487340565,2.713907746962656,2.8891288882090556,3.4414391741406356,2.3132076270847968,2.6989828138334575
2022-03-24,2.8959306924856967,3.45061864950077,1.680131692295872,2.7201902469288113,2.8959306924856967,3.45061864950077,2.3526059018015153,2.7053863146419865
2022-03-25,2.883649298738716,3.44073232670094,1.6272386413884359,2.707734476632105,2.883649298738716,3.44073232670094,2.347210727991201,2.6930201073404936
2022-03-28,2.8964225420793883,3.461678407030822,1.627415337450256,2.7182605339132224,2.8964225420793883,3.461678407030822,2.321187797871165,2.7034874317864057
2022-03-29,2.9054657152354784,3.473584327280252,1.6082365911171044,2.7285575373317212,2.9054657152354784,3.473584327280252,2.3523195363146163,2.712527876304212
2022-03-30,2.919500013315707,3.508563651608248,1.6530701998588426,2.7440515347364025,2.919500013315707,3.508563651608248,2.3521686037065277,2.7285766868244443
2022-03-31,2.9163703942657295,3.498831714967888,1.6583379333843868,2.74168511511375,2.9163703942657295,3.498831714967888,2.3673761658313786,2.7267895757332288
2022-04-01,2.9502853565676537,3.5369080358679597,1.6995444467593201,2.7730583446986876,2.9502853565676537,3.5369080358679597,2.390559007503479,2.7579813098642334
2022-04-04,2.990399399351713,3.5895158562687755,1.6805336971134348,2.811129699867977,2.990399399351713,3.5895158562687755,2.4596133840083705,2.796443147419537
2022-04-05,3.000965569033823,3.5773996540392234,1.712876806997557,2.821898423220626,3.000965569033823,3.5773996540392234,2.465846284857629,2.8069818764056214
2022-04-06,2.998561519195132,3.5566031243049734,1.740384068143641,2.8190806575210923,2.998561519195132,3.5566031243049734,2.4089305380499546,2.8038964144209024
2022-04-07,2.9797551735090213,3.5195148256459485,1.684122086290532,2.8025784678882824,2.9797551735090213,3.5195148256459485,2.387528995670828,2.7881129395384905
2022-04-08,3.0115483048042067,3.5512760679433004,1.727771072796953,2.8310524701393933,3.0115483048042067,3.5512760679433004,2.3536677499227237,2.8168497325277144
2022-04-11,3.004906756580363,3.5348451113759927,1.7305885881337613,2.8237034903506166,3.004906756580363,3.5348451113759927,2.339642990800035,2.8093755057866305
2022-04-12,2.974117136759674,3.5006971795968056,1.7738880064377442,2.797257414953093,2.974117136759674,3.5006971795968056,2.394072683931819,2.7826262635182717
2022-04-13,2.97373617252695,3.4920268389627527,1.730869499038448,2.7957961333437416,2.97373617252695,3.4920268389627527,2.3107940712031207,2.7809249274431482
2022-04-18,2.9557229465213055,3.4406110084492747,1.724334622480248,2.7786205535888113,2.9557229465213055,3.4406110084492747,2.274353733968071,2.7637790909158326
2022-04-19,2.920211428158829,3.4241450334182555,1.6857649838464024,2.7423938539898085,2.920211428158829,3.4241450334182555,2.1788701044294205,2.7273851680651804
2022-04-20,2.9472162442240437,3.4747226616649955,1.7493612516716692,2.7696479154759133,2.9472162442240437,3.4747226616649955,2.301461476629618,2.755827688422268
2022-04-21,2.986327487499573,3.5311642910333982,1.8056738324173771,2.8055149124171477,2.986327487499573,3.5311642910333982,2.310343153226628,2.7920545396645746
2022-04-22,2.950630944147691,3.4905793595579944,1.808741236690094,2.7730837028188366,2.950630944147691,3.4905793595579944,2.336008433825504,2.7594760116339687
2022-04-25,2.9012607970269393,3.439473096027735,1.7631943248418838,2.7284505132322128,2.9012607970269393,3.439473096027735,2.343402931140861,2.7153005925348332
2022-04-26,2.9515939186281996,3.4944601981053935,1.6809076433028802,2.776360845809766,2.9515939186281996,3.4944601981053935,2.365329019061648,2.7623607609051013
2022-04-27,2.919621346680047,3.4719313387392265,1.7158453219491525,2.7474481929906314,2.919621346680047,3.4719313387392265,2.43711882654436,2.734703773593468
2022-04-28,2.9526372195015496,3.516818698513503,1.7892266725566666,2.7791596381720827,2.9526372195015496,3.516818698513503,2.4363698330963954,2.766513335279569
2022-04-29,2.916991187827176,3.4823586040191055,1.7996060513172665,2.7465514489348792,2.916991187827176,3.4823586040191055,2.4199296568569317,2.7345436469537323
2022-05-02,2.908361103164913,3.4728706289282223,1.818457340778788,2.7375759004980664,2.908361103164913,3.4728706289282223,2.4621151100978853,2.7266745848199143
2022-05-04,2.8430572518781436,3.3911195977566866,1.9039637620009597,2.6786023823891036,2.8430572518781436,3.3911195977566866,2.5046181226349455,2.6681923049977994
2022-05-05,2.8356809552669144,3.382868466744725,1.9013976127705394,2.670808387035823,2.8356809552669144,3.382868466744725,2.4665095280581473,2.660104869086488
2022-05-06,2.796378815365512,3.3345531082461495,1.9330194850886468,2.634489259346628,2.796378815365512,3.3345531082461495,2.3826818154881915,2.6240069985051027
2022-05-09,2.7776068076356655,3.297626457364165,1.908640410420368,2.6180751796072013,2.7776068076356655,3.297626457364165,2.4009969347315203,2.6069516263332586
2022-05-10,2.7530724819578403,3.2799595739085428,1.9527618918824143,2.599613314161947,2.7530724819578403,3.2799595739085428,2.478003907430735,2.589654995646577
2022-05-11,2.741566496169003,3.2605031946478107,1.923925151440101,2.5876093083488945,2.741566496169003,3.2605031946478107,2.518298555655647,2.578652823998696
2022-05-12,2.681623349577457,3.2004646917234885,1.9748728853015804,2.5344687702924236,2.681623349577457,3.2004646917234885,2.4593408777417936,2.5261738071837794
2022-05-13,2.6784058891037246,3.2012675056978526,1.9858396005752903,2.5351097190623157,2.6784058891037246,3.2012675056978526,2.523058505420731,2.5275944488235
2022-05-16,2.6946755791512587,3.2086633660545862,1.988934889331751,2.5479502756892534,2.6946755791512587,3.2086633660545862,2.5033944149746215,2.5401958099657374
2022-05-17,2.7694705873334433,3.300151160720531,2.0997328602094054,2.614270938708208,2.7694705873334433,3.300151160720531,2.513387796888076,2.6055441095601912
2022-05-18,2.7671824618354983,3.299827508757926,2.1463935426030787,2.611807113427008,2.7671824618354983,3.299827508757926,2.5187081716009967,2.6031169175552122
2022-05-19,2.6956919902893284,3.2078220932952264,2.0998384300218147,2.545357931837034,2.6956919902893284,3.2078220932952264,2.5035612687749267,2.5368487557678066
2022-05-20,2.7674467027057887,3.307901104808522,2.169610358389747,2.6130058860576986,2.7674467027057887,3.307901104808522,2.563849247328498,2.6042875355947395
2022-05-23,2.744377538757714,3.3003386609744814,2.2599189938486215,2.5965371077708226,2.744377538757714,3.3003386609744814,2.6581387861348214,2.5883464953631843
2022-05-24,2.715131748729862,3.2792759966531495,2.2800628540374657,2.569647149610453,2.715131748729862,3.2792759966531495,2.67800363749141,2.561676204918409
2022-05-25,2.685051490946565,3.251891931732036,2.344526779164535,2.5426861338722335,2.685051490946565,3.251891931732036,2.7960621579512646,2.5348477838111707
2022-05-26,2.708910681734948,3.2749601784252493,2.3439287953448433,2.5640050094449856,2.708910681734948,3.2749601784252493,2.8330904705088438,2.555853385154807
2022-05-27,2.733495567769529,3.300923377764843,2.3373413567913555,2.5877754284804837,2.733495567769529,3.300923377764843,2.8052548812985756,2.579609343550908
2022-05-30,2.780225088440794,3.373730756639075,2.3216830612865254,2.6312454315247122,2.780225088440794,3.373730756639075,2.7673858055332285,2.6230376596573546
2022-05-31,2.789788633350363,3.3619633090780057,2.3587173000729287,2.638217910718276,2.789788633350363,3.3619633090780057,2.8098276106586377,2.629761314803229
2022-06-01,2.768795421122564,3.3469299272596342,2.3123694212601063,2.616330481679777,2.768795421122564,3.3469299272596342,2.7459126623708703,2.6077958035035014
2022-06-02,2.7799271699144694,3.3878603809179992,2.372572907781216,2.6274097182338916,2.7799271699144694,3.3878603809179992,2.7899108250838665,2.618941489213991
2022-06-03,2.7518831817414005,3.390332175754167,2.438789932968965,2.6029044157498245,2.7518831817414005,3.390332175754167,2.8451448694989327,2.5944636455454946
2022-06-06,2.751088382423409,3.3840570913782675,2.4613358746113136,2.60138463294394,2.751088382423409,3.3840570913782675,2.865324556537712,2.5928985024729947
2022-06-07,2.728215979994788,3.3539033488800487,2.4259648382231056,2.577481242908154,2.728215979994788,3.3539033488800487,2.812483447541987,2.5689742697936087
2022-06-08,2.7246535653489885,3.339853380304852,2.4008230820096372,2.5731962112119224,2.7246535653489885,3.339853380304852,2.7938063057708757,2.5646582819118833
2022-06-09,2.7392654136926113,3.3741314081768246,2.44101003993228,2.588320076342085,2.7392654136926113,3.3741314081768246,2.8304390832374766,2.5797824065101103
2022-06-10,2.7161996413002094,3.318554524450798,2.3535185437375796,2.566718729796344,2.7161996413002094,3.318554524450798,2.7607545138485854,2.558302444276933
2022-06-13,2.6459689351340447,3.234406845196311,2.2895683728127283,2.503215753976548,2.6459689351340447,3.234406845196311,2.7267647405297484,2.495058031260017
2022-06-14,2.6460438693505752,3.2241150357566433,2.214079098679713,2.50349704581034,2.6460438693505752,3.2241150357566433,2.6598288017351837,2.4953314472730472
2022-06-15,2.6478664362900153,3.2130197157312024,2.2008920304765676,2.5052272380794482,2.6478664362900153,3.2130197157312024,2.661242609999721,2.496604651349534
2022-06-16,2.5812269473931737,3.149479148952084,2.1642541120573786,2.4460911056591645,2.5812269473931737,3.149479148952084,2.671993065424124,2.437931544536202
2022-06-17,2.553659321744898,3.1356534140404877,2.1501186899413174,2.417684395921481,2.553659321744898,3.1356534140404877,2.6833612122340345,2.4092251648006955
2022-06-20,2.5517615590727205,3.137418293950423,2.1505400487654502,2.419108244522042,2.5517615590727205,3.137418293950423,2.6766658314906775,2.4118276637591514
2022-06-21,2.6054873515408397,3.1995967514279786,2.178544558845408,2.4675375351048388,2.6054873515408397,3.1995967514279786,2.6711719775609737,2.460330705315899
2022-06-22,2.561180464435482,3.1505710869571946,2.171690578098535,2.428855073719114,2.561180464435482,3.1505710869571946,2.641318191197047,2.4215606030423107
2022-06-23,2.5967071146348957,3.1752614327937354,2.2197303175611465,2.46410927757085,2.5967071146348957,3.1752614327937354,2.704761473105696,2.4558951130294244
2022-06-24,2.621325631715872,3.203346943033267,2.227290164050839,2.486865839905699,2.621325631715872,3.203346943033267,2.730986948315848,2.477315805307672
2022-06-27,2.6495411782422233,3.227594579241842,2.2405940071096437,2.5132404983988654,2.6495411782422233,3.227594579241842,2.7001550789079722,2.5035879489849564
2022-06-28,2.6575880451011753,3.2387597333114826,2.210723944129202,2.519023646452387,2.6575880451011753,3.2387597333114826,2.6845075423595417,2.509367912001969
2022-06-29,2.646259638740072,3.2364068533116734,2.2239480829381777,2.5077567498088498,2.646259638740072,3.2364068533116734,2.671754420995884,2.4983015753649394
2022-06-30,2.6293325031803496,3.234158549717772,2.2456607899027707,2.493226543845021,2.6293325031803496,3.234158549717772,2.69799304004125,2.4838691361793837
2022-07-01,2.6426832527840705,3.198935475216009,2.1763679154256677,2.5080473499829807,2.6426832527840705,3.198935475216009,2.6509505157540265,2.49865416965699
2022-07-04,2.6539440600283717,3.2095512539517843,2.1784059188889437,2.52113333773185,2.6539440600283717,3.2095512539517843,2.671775895427994,2.5106674479606057
2022-07-05,2.651819531781831,3.209357422928805,2.192317963591353,2.518386654354643,2.651819531781831,3.209357422928805,2.7065234636384368,2.508020133944983
2022-07-06,2.687603362960661,3.2391578475993237,2.192271642295795,2.5543026528630035,2.687603362960661,3.2391578475993237,2.7636687225775125,2.542720651056609
2022-07-07,2.718460611769089,3.257508447996587,2.1632928148144828,2.580495289067148,2.718460611769089,3.257508447996587,2.7138778676265582,2.568574395421965
2022-07-08,2.7310023745801395,3.269883103939316,2.185291518292393,2.59387632206274,2.7310023745801395,3.269883103939316,2.716086484002079,2.581887541873012
2022-07-11,2.7395195985112015,3.260419256347297,2.170252971087063,2.5984662450692104,2.7395195985112015,3.260419256347297,2.6557427782694734,2.585024572501372
2022-07-12,2.7127567985663092,3.2328393191409646,2.17795874681563,2.5725960902931564,2.7127567985663092,3.2328393191409646,2.647462470629447,2.5592949147766735
2022-07-13,2.712796817766147,3.211174277817201,2.165889143650819,2.5725964659253853,2.712796817766147,3.211174277817201,2.6205430885252157,2.55970107542192
2022-07-14,2.709689834752133,3.2075518731004182,2.165870348519524,2.5696908278349873,2.709689834752133,3.2075518731004182,2.666970655563701,2.5566560525137554
2022-07-15,2.7264094854238263,3.2234237625744533,2.154391886979185,2.5868196439758973,2.7264094854238263,3.2234237625744533,2.6809665097798083,2.572847779943845
2022-07-18,2.765307260250779,3.2682862275820352,2.1025063448968058,2.6211744716310643,2.765307260250779,3.2682862275820352,2.6578278249957363,2.607708184475145
2022-07-19,2.7772296138668437,3.2825931112657716,2.0714733012736857,2.6315558955864127,2.7772296138668437,3.2825931112657716,2.6611458654381175,2.6173559122238403
2022-07-20,2.7985121640445914,3.333007294545562,2.120493914089372,2.651287347071137,2.7985121640445914,3.333007294545562,2.695222766911423,2.6383046724865773
2022-07-21,2.8276088468151377,3.3461010246447036,2.098948318650324,2.676977395564814,2.8276088468151377,3.3461010246447036,2.631343907106624,2.6638625936252556
2022-07-22,2.839983291026716,3.3636937763656527,2.1095527427161658,2.69006315564507,2.839983291026716,3.3636937763656527,2.604038919411288,2.6751898399168357
2022-07-25,2.8332798310523075,3.3348425584449584,2.1097598555050134,2.681932669445969,2.8332798310523075,3.3348425584449584,2.5283467818150167,2.6674663194612904
2022-07-26,2.811260986496683,3.306808919685618,2.111262530529378,2.660357312968226,2.811260986496683,3.306808919685618,2.527684812267568,2.645059264859953
2022-07-27,2.841592043119703,3.338163419394163,2.141997750971465,2.689242800024591,2.841592043119703,3.338163419394163,2.4925239017837857,2.673799755728797
2022-07-28,2.8846490674603937,3.392768356453557,2.148430619400598,2.7273862518238765,2.8846490674603937,3.392768356453557,2.6014669687101017,2.712703461116717
2022-07-29,2.9232434171698713,3.4389344037272,2.129324850438278,2.759724126121184,2.9232434171698713,3.4389344037272,2.635168540614077,2.7460428072363556
2022-08-01,2.9563643261018346,3.478945971668782,2.17240838917507,2.789252459432535,2.9563643261018346,3.478945971668782,2.6765168254744895,2.7746588853968888
2022-08-02,2.963525987121167,3.4853489563545743,2.1622417020469746,2.7963444868207303,2.963525987121167,3.4853489563545743,2.6615748934685,2.7810314721644183
2022-08-03,2.9646846895767314,3.5000201290728388,2.154682969045531,2.7971754848950594,2.9646846895767314,3.5000201290728388,2.6723655250297162,2.7827235276748166
2022-08-04,2.969573008230303,3.4950348329622742,2.1396080204980104,2.8013108629560217,2.969573008230303,3.4950348329622742,2.697595777600291,2.788850435965463
2022-08-05,2.970000177107466,3.4909624878119607,2.1214790710847096,2.8030740339359284,2.970000177107466,3.4909624878119607,2.6756746832055036,2.790434324886615
2022-08-08,2.9855918325897717,3.5166778717025986,2.123298348951674,2.8161911287152677,2.9855918325897717,3.5166778717025986,2.6907889567738525,2.8028083240648094
2022-08-10,2.9926515370621667,3.5184599715574776,2.1154011612677266,2.821774477966909,2.9926515370621667,3.5184599715574776,2.7031142522273197,2.8082155292390123
2022-08-11,3.003403243141182,3.5413192408847176,2.1065948635627825,2.8318551423057916,3.003403243141182,3.5413192408847176,2.6703200156228304,2.818145906998976
2022-08-12,3.008872785793199,3.5525869100867435,2.132696230396042,2.8351869144785846,3.008872785793199,3.5525869100867435,2.7102551671899517,2.8208191818960744
2022-08-16,3.034924244188253,3.5743200606243657,2.1263359555570625,2.859325934966236,3.034924244188253,3.5743200606243657,2.695037526490213,2.8439762110069844
2022-08-17,3.0588648407533134,3.5984744364583623,2.114985635928379,2.8809533347640475,3.0588648407533134,3.5984744364583623,2.6806514943784876,2.8654875084001024
2022-08-18,3.061889465374847,3.6007802579501513,2.113194655467192,2.8844441125730356,3.061889465374847,3.6007802579501513,2.6783815052267284,2.8689595466610327
2022-08-19,3.029396520266846,3.5632585919461968,2.023104566528202,2.8548122134734255,3.029396520266846,3.5632585919461968,2.564196270376664,2.8394867205324346
2022-08-22,2.9787623125388247,3.52013740149318,2.0235592401381015,2.8107663513335606,2.9787623125388247,3.52013740149318,2.564772549227511,2.79567730986427
2022-08-23,3.0030993770819396,3.5335314627561307,2.0735201918101076,2.8325252462137205,3.0030993770819396,3.5335314627561307,2.6280958633366147,2.8173193964344767
2022-08-24,3.0099648937244643,3.532298799658975,2.0745399666245143,2.838336237177064,3.0099648937244643,3.532298799658975,2.629388383169246,2.8230991922457997
2022-08-25,2.9983682542253165,3.5150233217972393,2.067773190587314,2.8269905300721496,2.9983682542253165,3.5150233217972393,2.620811791447722,2.8118143923183614
2022-08-26,3.014923729121046,3.519911051421279,2.071387634229235,2.8411131366040445,3.014923729121046,3.519911051421279,2.6253929401730227,2.825861184439175
2022-08-29,2.984900776553275,3.4717881158892707,2.098467253070081,2.814277333870197,2.984900776553275,3.4717881158892707,2.659715168882179,2.7991694443877773
2022-08-30,3.0512670029739626,3.551838069171632,2.1151700631255212,2.875610075796583,3.0512670029739626,3.551838069171632,2.6808852477587584,2.8601729336582413
2022-09-01,3.029931159066613,3.498416479401901,2.105966235605604,2.856378613427932,3.029931159066613,3.498416479401901,2.6692198002133245,2.8410447115795767
2022-09-02,3.02431595843314,3.4900294180584237,2.0963180274709567,2.8521672660918256,3.02431595843314,3.4900294180584237,2.6569911197367957,2.8368559720260653
2022-09-05,3.039829777838488,3.516359566863394,2.103745053178221,2.8654960098971465,3.039829777838488,3.516359566863394,2.666404548945371,2.850113163114841
2022-09-06,3.0399238051941224,3.52059813728422,2.1181314766771977,2.865070326704022,3.0399238051941224,3.52059813728422,2.684638709497656,2.8496897651174784
2022-09-07,3.0442272661227627,3.5168067807813723,2.10943765675413,2.868518516276337,3.0442272661227627,3.5168067807813723,2.6736196742036413,2.8531194437682346
2022-09-08,3.0658731251903983,3.5442833127330298,2.12032815029818,2.891041739276574,3.0658731251903983,3.5442833127330298,2.687422896928869,2.875521755314657
2022-09-09,3.0744219250767544,3.5543757470496797,2.0609752941507016,2.897936222941825,3.0744219250767544,3.5543757470496797,2.6121957559854128,2.8823792273122946
2022-09-12,3.094737573719419,3.5783068285458532,2.0419293300515053,2.9157130527670163,3.094737573719419,3.5783068285458532,2.588055832168872,2.9000606257536936
2022-09-13,3.116135465280306,3.600559293103744,2.028258056246219,2.9357070714495097,3.116135465280306,3.600559293103744,2.570728092474738,2.9199473105139293
2022-09-14,3.1128086218365194,3.5728832198747753,2.022017562205854,2.933249644216421,3.1128086218365194,3.5728832198747753,2.562818540092543,2.91750307549136
2022-09-15,3.0946016021861165,3.5475906776827713,1.97536367317135,2.917967679314211,3.0946016021861165,3.5475906776827713,2.503686782772587,2.9023031487856126
2022-09-16,3.033431065303293,3.4724762149486,1.9432985834019414,2.8607340076393117,3.033431065303293,3.4724762149486,2.4657551060957053,2.8456547397625593
2022-09-19,3.0473582992497157,3.490029340215823,1.9384688177096587,2.8739336403847933,3.0473582992497157,3.490029340215823,2.4535785899360665,2.8591718256367877
2022-09-20,3.0914838447387365,3.517833025945659,1.9633472669539453,2.9137235093411054,3.0914838447387365,3.517833025945659,2.5416439163710907,2.898868341800364
2022-09-21,3.0654253636301676,3.500973357188465,1.9419530993464524,2.890704544061912,3.0654253636301676,3.500973357188465,2.5825962013264863,2.876688641968413
2022-09-22,3.062516959222871,3.488914659990926,1.9222840811188537,2.88789148627568,3.062516959222871,3.488914659990926,2.5476033302151597,2.873296746102988
2022-09-23,3.0127984017919824,3.4345444049758993,1.9279474033396238,2.8418080555113594,3.0127984017919824,3.4345444049758993,2.5247109545055784,2.8257242506167235
2022-09-26,2.9542929717357294,3.380222946896888,1.9030248364499616,2.789753714717426,2.9542929717357294,3.380222946896888,2.5478389373707424,2.773182335320438
2022-09-27,2.9560962579452235,3.388036892302771,1.9376590393445658,2.7920669399761047,2.9560962579452235,3.388036892302771,2.5662168308334676,2.776125295290202
2022-09-28,2.9397006151196616,3.3565241467573204,1.9388350886097023,2.778566461840208,2.9397006151196616,3.3565241467573204,2.5989985591767857,2.762437752644159
2022-09-29,2.9357839461992716,3.3452379697537977,1.9521036548376864,2.7744432544298765,2.9357839461992716,3.3452379697537977,2.6070174981932466,2.758528489918876
2022-09-30,2.973923072077814,3.397316950401794,1.9427137180278455,2.808530567647205,2.973923072077814,3.397316950401794,2.5917616605884897,2.7934907109295968
2022-10-03,2.938189735813824,3.363394046262848,1.969826991338961,2.775395167410531,2.938189735813824,3.363394046262848,2.665439549026437,2.7595739496774008
2022-10-04,3.0006327629755365,3.438719783553419,2.0113564388074994,2.832199570175774,3.0006327629755365,3.438719783553419,2.633926856878878,2.815980484989045
2022-10-06,3.013623187914337,3.4499327600321026,1.9982201231825392,2.84355369132963,3.013623187914337,3.4499327600321026,2.658980601427004,2.826319731523124
2022-10-07,3.00976403580629,3.4446497666408598,1.9707723109892592,2.8395979880954854,3.00976403580629,3.4446497666408598,2.652971356160528,2.8224676011972285
2022-10-10,2.996561588686993,3.4355051659509366,1.9418021401434837,2.826738617857689,2.996561588686993,3.4355051659509366,2.5941379159317797,2.8101373830723024
2022-10-11,2.9456289244711353,3.3796403648863866,1.8959218342932036,2.779902837233193,2.9456289244711353,3.3796403648863866,2.612801402188416,2.764650012717185
2022-10-12,2.974292594793322,3.4079759738015927,1.9322725961038862,2.8076175165433437,2.974292594793322,3.4079759738015927,2.6453778993989765,2.7929096027660436
2022-10-13,2.9586579654560814,3.3925270110022248,1.9424217413322982,2.793080643450232,2.9586579654560814,3.3925270110022248,2.737494528246864,2.7782634323127637
2022-10-14,2.970689413135581,3.4128029859071685,1.953001988722008,2.8066280867612914,2.970689413135581,3.4128029859071685,2.7483170284816985,2.791933025050957
2022-10-17,2.983458401702994,3.4417009572339485,1.963085278755915,2.819388994141234,2.983458401702994,3.4417009572339485,2.761089624294644,2.805404920581058
2022-10-18,3.013377795043007,3.4823661120288016,2.005009169431725,2.846773456342699,3.013377795043007,3.4823661120288016,2.771884899452081,2.833669721804417
2022-10-19,3.006270711840826,3.488899132443049,2.0460271277544932,2.8417291654235024,3.006270711840826,3.488899132443049,2.8315331666824233,2.8293543629804048
2022-10-20,3.026029445660683,3.504999519132963,2.0662869159254207,2.8603822372253496,3.026029445660683,3.504999519132963,2.8385057837656937,2.8473698701347923
2022-10-21,3.0228440101569736,3.500123418828086,2.1136701561687836,2.8594381999280425,3.0228440101569736,3.500123418828086,2.8872264802122913,2.8475230901846453
2022-10-24,3.0454275175395864,3.522709288581483,2.144090191895733,2.881195836865884,3.0454275175395864,3.522709288581483,2.9486107131888355,2.8699311714059212
2022-10-25,3.0422041058489997,3.504833979664407,2.072572040240292,2.877319691223826,3.0422041058489997,3.504833979664407,2.8742634047988616,2.8661726651437314
2022-10-27,3.064516978487616,3.521518083321801,2.0868643625580257,2.897283402959678,3.064516978487616,3.521518083321801,2.84632321660598,2.8852763964499277
2022-10-28,3.069012406955351,3.5461652330514952,2.0675293314522043,2.9020702022039075,3.069012406955351,3.5461652330514952,2.8695713917550236,2.8900887132956394
2022-10-31,3.1010046878674893,3.5868905920394485,2.072053800919386,2.9320467292887957,3.1010046878674893,3.5868905920394485,2.8986760395685405,2.9204398550850863
2022-11-01,3.133182526355593,3.6108203931750067,2.075146885846413,2.9618198052732785,3.133182526355593,3.6108203931750067,2.9021037216108514,2.9491294046412455
2022-11-02,3.1177266844929474,3.599665836290909,2.0629733539755617,2.9465888450414326,3.1177266844929474,3.599665836290909,2.903929376543598,2.933733217162504
2022-11-03,3.1127293193105534,3.5962097196381326,2.098725643208878,2.9434692987781785,3.1127293193105534,3.5962097196381326,2.923263565944832,2.929399771006075
2022-11-04,3.1310614170947635,3.613592119264715,2.0948806738166788,2.95540751460424,3.1310614170947635,3.613592119264715,2.86020043684669,2.941297465079741
2022-11-07,3.1440749995631565,3.630901478072352,2.069995996574715,2.968257021785443,3.1440749995631565,3.630901478072352,2.8443761554902696,2.9554547914125058
2022-11-09,3.132833101080829,3.621629873144875,2.1125165132014794,2.9582320504377746,3.132833101080829,3.621629873144875,2.8269388626352563,2.94565345357809
2022-11-10,3.107814830761711,3.5971985480072926,2.097738229179877,2.9362394678182864,3.107814830761711,3.5971985480072926,2.7890355987809037,2.9227421856026465
2022-11-11,3.133170523606287,3.6619878351760096,2.0877373363756377,2.9588070171453866,3.133170523606287,3.6619878351760096,2.7744025376474717,2.944537770981544
2022-11-14,3.134612273045102,3.6556372068232905,2.0356249739649512,2.956470674047216,3.134612273045102,3.6556372068232905,2.7501371141402715,2.943148590829038
2022-11-15,3.1504258208464946,3.6645415262119516,2.0561911303318157,2.971550510265863,3.1504258208464946,3.6645415262119516,2.756219198915854,2.95768159127085
2022-11-16,3.1405792002388853,3.6648423695850645,2.097248237089498,2.965234680804316,3.1405792002388853,3.6648423695850645,2.8142839070948673,2.9519475119789624
2022-11-17,3.1276778695527976,3.6557082698620507,2.0831355364763344,2.9526313242364743,3.1276778695527976,3.6557082698620507,2.7853035530415897,2.9393803097291777
2022-11-18,3.112566134932449,3.6492167629154197,2.090720904648095,2.9382118381326765,3.112566134932449,3.6492167629154197,2.8009229595241476,2.925096099653407
2022-11-21,3.095084631398414,3.6148930760977214,2.0793636351193383,2.9224856999470767,3.095084631398414,3.6148930760977214,2.7734544054286054,2.9092697332935598
2022-11-22,3.110709126331766,3.6329472657938178,2.0669260748065597,2.9359918753063194,3.110709126331766,3.6329472657938178,2.7518665823840913,2.922783677611856
2022-11-23,3.1152553023605503,3.6338046304160807,2.066353723686138,2.9408961837636522,3.1152553023605503,3.6338046304160807,2.739296677156607,2.9276489848782066
2022-11-24,3.1469643283955984,3.677818070681836,2.065050236089497,2.9712657148205337,3.1469643283955984,3.677818070681836,2.727954919881026,2.957702622999739
2022-11-25,3.1548671820102197,3.6911839996587843,2.0759563667014382,2.97824532907642,3.1548671820102197,3.6911839996587843,2.743889558885924,2.964489405658539
2022-11-28,3.1614816658831524,3.717478513299245,2.0713072845395932,2.9861805192720228,3.1614816658831524,3.717478513299245,2.7183776840622174,2.972114589292516
2022-11-29,3.1701841890834666,3.73043954068818,2.0817124687282282,2.9962138657183846,3.1701841890834666,3.73043954068818,2.737124427513864,2.982173502239489
2022-11-30,3.2001617702659506,3.755092639139197,2.0954895162596348,3.024358350480751,3.2001617702659506,3.755092639139197,2.7625817655292675,3.010124600455254
2022-12-01,3.2102176576935393,3.770424840422715,2.110866676109539,3.031894599879792,3.2102176576935393,3.770424840422715,2.793173409231546,3.017754048072382
2022-12-02,3.1963528370386367,3.7495769846263967,2.1142290910794297,3.0178049372977775,3.1963528370386367,3.7495769846263967,2.7947688964359116,3.0037573044551173
2022-12-05,3.205983014358797,3.7423504490596153,2.099240569151806,3.0246495765510986,3.205983014358797,3.7423504490596153,2.783548644383252,3.010508543313172
2022-12-06,3.193373830136587,3.7304124172642203,2.1025997046596396,3.012751537597923,3.193373830136587,3.7304124172642203,2.7801816504524113,2.998805847331129
2022-12-07,3.1747713550859005,3.712214713145046,2.104243924688687,2.9969195035774465,3.1747713550859005,3.712214713145046,2.783593187695588,2.9829292284121407
2022-12-08,3.179984775268089,3.7151408529608245,2.0912039931772184,2.9998070329271456,3.179984775268089,3.7151408529608245,2.7707972451957272,2.985722281821507
2022-12-09,3.1621719894610103,3.6830232452756366,2.093345990498875,2.9846142494083203,3.1621719894610103,3.6830232452756366,2.778630512673334,2.970581185951797
2022-12-12,3.16765446672412,3.682890165230162,2.0884951626961317,2.9900955725846794,3.16765446672412,3.682890165230162,2.7626028716988413,2.975796449227311
2022-12-13,3.181692098180874,3.7050536784864927,2.0905402439152745,3.0031468563648533,3.181692098180874,3.7050536784864927,2.7642310631865628,2.9888696259592678
2022-12-14,3.1990962922135853,3.714169332338142,2.090483528857923,3.017463852822176,3.1990962922135853,3.714169332338142,2.7637616070379925,3.002995853936207
2022-12-15,3.164528477776256,3.6647680741318975,2.0752373077600783,2.9858779806006037,3.164528477776256,3.6647680741318975,2.7287286794804926,2.971462619263914
2022-12-16,3.1300976596551657,3.6322763181401134,2.0369098613631715,2.9528989817079223,3.1300976596551657,3.6322763181401134,2.6676298505703997,2.938616957252968
2022-12-19,3.1624911592691833,3.657929325333917,2.044291288328203,2.9824367851115654,3.1624911592691833,3.657929325333917,2.718140601037844,2.9683511267021423
2022-12-20,3.1510610114452344,3.659918381104956,2.0412178657458537,2.9718172993533236,3.1510610114452344,3.659918381104956,2.715277322546593,2.9576473980207223
2022-12-21,3.1294287734066732,3.630534246806224,2.0383616391625847,2.952358967184687,3.1294287734066732,3.630534246806224,2.708558222243485,2.939722511370968
2022-12-22,3.1096298985442905,3.618273447852582,2.0377680845425994,2.934992289225773,3.1096298985442905,3.618273447852582,2.7397107315122886,2.922442521721629
2022-12-23,3.046546446922054,3.5501191885637953,2.011926814159163,2.8794389861731626,3.046546446922054,3.5501191885637953,2.693578233602541,2.8680435429593145
2022-12-26,3.0754763784220582,3.5858433523364623,2.0239362191415284,2.904820943589479,3.0754763784220582,3.5858433523364623,2.6958923622124042,2.8921992572955517
2022-12-27,3.1014977566626554,3.6082899535066435,2.038726580472647,2.926386927657818,3.1014977566626554,3.6082899535066435,2.722529175855698,2.9133956872694524
2022-12-28,3.102092870546541,3.606041928838652,2.028067576418569,2.9270145268458716,3.102092870546541,3.606041928838652,2.720626008320897,2.9140712660349997
2022-12-29,3.111083089972834,3.617620637123418,2.0109380515740494,2.9347507970142273,3.111083089972834,3.617620637123418,2.7199482553640077,2.9219120025364997
2022-12-30,3.1055077258938857,3.607615784557208,2.0139332050568943,2.9285831422859316,3.1055077258938857,3.607615784557208,2.7106486726636545,2.915578928543621
2023-01-02,3.1154786690043896,3.6254695624470052,1.9943183638245383,2.9367502790573097,3.1154786690043896,3.6254695624470052,2.700203260110662,2.9235011008384157
2023-01-03,3.120304322780843,3.629281695172289,1.9895035940793964,2.9419209782761992,3.120304322780843,3.629281695172289,2.6892043187018317,2.928528795644629
2023-01-04,3.0902425733288084,3.592917692807957,1.976286865499043,2.9148919811710905,3.0902425733288084,3.592917692807957,2.651359359818504,2.901496081907126
2023-01-05,3.0951665080149247,3.58781088800989,2.0112930477353816,2.9199658457549407,3.0951665080149247,3.58781088800989,2.705093604911805,2.908555504896128
2023-01-06,3.0702864482246186,3.5637314418980517,2.012092807709298,2.8972186978632077,3.0702864482246186,3.5637314418980517,2.6875783602222985,2.8869051354156188
2023-01-09,3.105209900077757,3.624437832678039,2.046562890707138,2.9299267096161965,3.105209900077757,3.624437832678039,2.6847758449664414,2.919695800832984
2023-01-10,3.0826917361142683,3.585497528317078,2.02891766174103,2.9078354895401115,3.0826917361142683,3.585497528317078,2.6598207892295203,2.8982718609494524
2023-01-11,3.0696025764502126,3.575076756470352,2.009135440828932,2.8949799459381604,3.0696025764502126,3.575076756470352,2.6269833954863135,2.8850903124168084
2023-01-12,3.066631845848565,3.5581596293269895,2.0004056192514525,2.8933534211459238,3.066631845848565,3.5581596293269895,2.637340635299293,2.883828730671712
2023-01-13,3.0856443638581754,3.57654882243247,1.9962824622211393,2.9105519597661065,3.0856443638581754,3.57654882243247,2.6316667109675107,2.9007424778344513
2023-01-16,3.0780208094773718,3.5674366829959,2.0090603572435537,2.9046736455888835,3.0780208094773718,3.5674366829959,2.64760460135293,2.8946461879254732
2023-01-17,3.096431884914095,3.602729895712614,2.0434691156076514,2.922997683158902,3.096431884914095,3.602729895712614,2.6785948100441055,2.9132048345675328
2023-01-18,3.112883768617823,3.6191865036028372,2.05323320303333,2.937857032961368,3.112883768617823,3.6191865036028372,2.699278717458615,2.928059739802073
2023-01-19,3.102774012442081,3.6076467344118894,2.0369424130747,2.9283470297274024,3.102774012442081,3.6076467344118894,2.685301545836722,2.9191629325245416
2023-01-20,3.0820988537626413,3.58250441395909,2.0360085880984538,2.9098544635713255,3.0820988537626413,3.58250441395909,2.685605723408928,2.8997274638479738
2023-01-23,3.0957162606025035,3.599455810248824,2.0498952703149964,2.923110345238488,3.0957162606025035,3.599455810248824,2.7082887360226153,2.9132835204263574
2023-01-24,3.0886730903889092,3.5968259768065187,2.0758036514307507,2.917903062417929,3.0886730903889092,3.5968259768065187,2.706950024637387,2.907817562343971
2023-01-25,3.0585959478407903,3.558227991764977,2.050824715000935,2.8908961105597055,3.0585959478407903,3.558227991764977,2.718504776394352,2.8814888448578735
2023-01-27,3.0119035825979363,3.5027851059471273,2.0541831515999673,2.85545601895777,3.0119035825979363,3.5027851059471273,2.7955102357267156,2.847823973500563
2023-01-30,3.0162408308467086,3.516706939598936,2.0485697220329087,2.859218099842306,3.0162408308467086,3.516706939598936,2.748803265582259,2.8510775484403417
2023-01-31,3.025411126385917,3.513007503452365,2.0498540445645905,2.8665544009424404,3.025411126385917,3.513007503452365,2.7047884122939934,2.858174059368077
2023-02-01,2.98454481445781,3.503184485974599,2.1060319758989654,2.8416010593619094,2.98454481445781,3.503184485974599,2.795291265202241,2.8329329678762227
2023-02-02,2.9567028871419345,3.503906764138805,2.14335913067908,2.825828543276802,2.9567028871419345,3.503906764138805,2.9271572318816803,2.816875692576736
2023-02-03,2.9875436722298434,3.540662162233192,2.0906494289373785,2.8564825384567234,2.9875436722298434,3.540662162233192,2.913297247907426,2.8455864044186194
2023-02-06,2.9838506823862576,3.5228497678774486,2.058741663596828,2.8531370449312004,2.9838506823862576,3.5228497678774486,2.89662869385154,2.8416129294748695
2023-02-07,2.9818230447463123,3.5168085830942415,2.0453725273977987,2.849408312418628,2.9818230447463123,3.5168085830942415,2.8655644124075788,2.8373755755924717
2023-02-08,3.0161326710569396,3.5545546294193797,2.0661282342626337,2.874985389640914,3.0161326710569396,3.5545546294193797,2.816959554730755,2.863560077762
2023-02-09,3.0110250424601794,3.5596973266288314,2.0557866931079016,2.872440179994748,3.0110250424601794,3.5596973266288314,2.826139548844106,2.860213832768225
2023-02-10,3.0028050358756992,3.5474873313510016,2.0659272076938917,2.8670139683831612,3.0028050358756992,3.5474873313510016,2.8295047102228277,2.8540297282453744
2023-02-13,2.9873237228120737,3.5245960225790753,2.0527429800150268,2.8564718102322497,2.9873237228120737,3.5245960225790753,2.8219030814340447,2.846313199497179
2023-02-14,3.0000000449545134,3.56080909017558,2.090060232521203,2.8675528403860246,3.0000000449545134,3.56080909017558,2.8387354585856364,2.8557932326146926
2023-02-15,3.0220520749719046,3.5894590124716683,2.090755104117875,2.886734847440542,3.0220520749719046,3.5894590124716683,2.8110738171701897,2.875089794436349
2023-02-16,3.0361475591042115,3.5960622151728736,2.1034004815558194,2.899459183530493,3.0361475591042115,3.5960622151728736,2.8370630202216884,2.887836063910045
2023-02-17,3.020993260770346,3.5790427018564226,2.085548762580965,2.8867384176549686,3.020993260770346,3.5790427018564226,2.811061213627665,2.8753431289711044
2023-02-20,3.0054291328801543,3.558179952261862,2.030700158085426,2.872101797837672,3.0054291328801543,3.558179952261862,2.747927504636371,2.860973571936292
2023-02-21,2.995925581259058,3.5556182854068914,2.0142507426275595,2.8655916688898677,2.995925581259058,3.5556182854068914,2.74937266811605,2.8542177310596206
2023-02-22,2.9505882698404706,3.4983629564813357,2.006905053250045,2.8296555591221284,2.9505882698404706,3.4983629564813357,2.74591903217857,2.8185880373975576
2023-02-23,2.944901117355823,3.490223656666683,2.0025878859946196,2.823824506426008,2.944901117355823,3.490223656666683,2.7426674950973795,2.812938278681201
2023-02-24,2.937620817968032,3.487678268731704,2.0078394981587535,2.8203213376540046,2.937620817968032,3.487678268731704,2.775216960761332,2.809789267697149
2023-02-27,2.911816663357336,3.463319164962005,2.003301566950197,2.8019205761444126,2.911816663357336,3.463319164962005,2.7631414332102895,2.7913423411508695
2023-02-28,2.9032626070197725,3.437757151044519,2.0012896110728007,2.787057346374737,2.9032626070197725,3.437757151044519,2.7651589053032204,2.776139875189948
2023-03-01,2.937961788337478,3.4742079319366086,2.001654084621617,2.811192933211466,2.937961788337478,3.4742079319366086,2.768109288264798,2.8004257114349733
2023-03-02,2.928508798347239,3.446848248545461,1.9846438192901388,2.7978758738897773,2.928508798347239,3.446848248545461,2.726174009991184,2.7871338734500983
2023-03-03,2.967839457238727,3.5036179638011316,1.986962483341243,2.823789538026976,2.967839457238727,3.5036179638011316,2.725638428089921,2.812491875818911
2023-03-06,2.984302517694734,3.529103392373393,1.9985880934636229,2.8373996918102042,2.984302517694734,3.529103392373393,2.754668240352396,2.826353598940903
2023-03-08,2.9950381057413002,3.5379091238331895,1.9875095016642372,2.8452169440151853,2.9950381057413002,3.5379091238331895,2.73822785236441,2.8339191754558843
2023-03-09,2.9719003145239005,3.4967506519009754,1.9878969965355477,2.8254968265520928,2.9719003145239005,3.4967506519009754,2.744632421563528,2.814249559329315
2023-03-10,2.95487217044659,3.464834364739227,1.9735691376729954,2.8111936361186047,2.95487217044659,3.464834364739227,2.7392914483744355,2.7999239717059163
2023-03-13,2.91760499574027,3.4139019417842316,1.9363121977480575,2.7764575170978127,2.91760499574027,3.4139019417842316,2.710961633841309,2.7663662733509686
2023-03-14,2.8947054630115474,3.388932339537026,1.929583862056694,2.759838522522494,2.8947054630115474,3.388932339537026,2.6854892170536337,2.749656321447569
2023-03-15,2.899173245116873,3.368535696446393,1.9619913420745787,2.7585862366713942,2.899173245116873,3.368535696446393,2.7310559727536066,2.7482430472078634
2023-03-16,2.9060389399859026,3.369378122016071,1.9941042052979137,2.7683041758448628,2.9060389399859026,3.369378122016071,2.7820012624274066,2.7579827063827693
2023-03-17,2.9241575384206846,3.3842013148160386,1.9968653956497604,2.7843621953851283,2.9241575384206846,3.3842013148160386,2.7741595862804127,2.773839053887021
2023-03-20,2.899579770521803,3.3593569856416727,1.9935272203621839,2.7658421183597506,2.899579770521803,3.3593569856416727,2.7680042834114884,2.7552482886326914
2023-03-21,2.906280671860371,3.383735405814781,2.0045694001168224,2.7704762869537825,2.906280671860371,3.383735405814781,2.7439438248142323,2.760777212005157
2023-03-22,2.912276429662908,3.3924226479057036,2.0094595164181195,2.7768022146567892,2.912276429662908,3.3924226479057036,2.7271982986125964,2.766536433027467
2023-03-23,2.904959746737431,3.3739564662277117,2.014098092599764,2.7701538862421446,2.904959746737431,3.3739564662277117,2.735492452485491,2.759979343240476
2023-03-24,2.8764948811824733,3.3431035144686514,1.9973680641706226,2.747401393111454,2.8764948811824733,3.3431035144686514,2.7269146591758,2.7371416436196445
2023-03-27,2.8796627747086005,3.3591460751533146,1.997882356234585,2.751837036338259,2.8796627747086005,3.3591460751533146,2.733866817904879,2.7416234748629824
2023-03-28,2.8615293096029353,3.351973076016128,1.9954453048280743,2.740292097132839,2.8615293096029353,3.351973076016128,2.72052642985621,2.72993425498338
2023-03-29,2.8994264601056488,3.373195073436198,2.015172978888466,2.7691845645241107,2.8994264601056488,3.373195073436198,2.743677430907946,2.7584114567567
2023-03-31,2.930577587581828,3.4425297200471343,2.006024615808148,2.800401697255152,2.930577587581828,3.4425297200471343,2.752707617212271,2.789727650436142
2023-04-03,2.942926562885532,3.447633931917697,2.0301373269012077,2.813996787677542,2.942926562885532,3.447633931917697,2.7449884563330342,2.8034126204935177
2023-04-05,2.956339438841109,3.470054870849841,2.024832505234818,2.829468344996693,2.956339438841109,3.470054870849841,2.762037775694412,2.818071487035672
2023-04-06,2.9623065212721347,3.476186115067108,2.0411819795924355,2.832248334034816,2.9623065212721347,3.476186115067108,2.761557020044953,2.8207127419570073
2023-04-10,2.978103059965989,3.479834499485341,2.0405043874026,2.8453741390870473,2.978103059965989,3.479834499485341,2.764873089592489,2.833984595651853
2023-04-11,2.998455439030481,3.491195345391774,2.0658671987714032,2.863448401454819,2.998455439030481,3.491195345391774,2.8064512534017862,2.852757283602985
2023-04-12,3.0146643240804014,3.5075351781683244,2.080264443903616,2.8754326587060044,3.0146643240804014,3.5075351781683244,2.8011498886936046,2.864426511988553
2023-04-13,3.0168773507642515,3.503625603749209,2.0854245026486122,2.8749056839445437,3.0168773507642515,3.503625603749209,2.82122222195018,2.864874861105188
2023-04-17,3.0144996118007743,3.482611985665474,2.0586072290818156,2.8721166597818346,3.0144996118007743,3.482611985665474,2.8004489881340624,2.8623767784846743
2023-04-18,3.0142540528655544,3.471460811101369,2.0378302359314335,2.87205714372903,3.0142540528655544,3.471460811101369,2.8162313726927777,2.8625189621096214
2023-04-19,3.0058043502157497,3.4610464089369075,2.0450560694642745,2.8619911440777877,3.0058043502157497,3.4610464089369075,2.808964225376931,2.8526111171495114
2023-04-20,3.0030519019011153,3.4599087158183766,2.051233709370312,2.860341669594541,3.0030519019011153,3.4599087158183766,2.78165957802658,2.8511387621110154
2023-04-21,2.999196814089046,3.4669204238901705,2.040440002732155,2.8589799196397387,2.999196814089046,3.4669204238901705,2.822149395318182,2.8503649583908173
2023-04-24,3.0144805661041048,3.484896662041068,2.0170794522129794,2.875047221899193,3.0144805661041048,3.484896662041068,2.7953642267548013,2.8658860490511713
2023-04-25,3.024990812418493,3.495045384526813,2.0240761176185664,2.8830358803869536,3.024990812418493,3.495045384526813,2.7998700926336695,2.8735126007798137
2023-04-26,3.0325235633594176,3.500926525053459,2.034678084149962,2.8918617433817606,3.0325235633594176,3.500926525053459,2.829847742474511,2.8823337798812467
2023-04-27,3.0513674049772916,3.5173776611313903,2.059546830149824,2.9096434492676577,3.0513674049772916,3.5173776611313903,2.843365542745561,2.899999412769018
2023-04-28,3.0818532511205237,3.554829133573809,2.0827356588405164,2.936302671871964,3.0818532511205237,3.554829133573809,2.847948374766435,2.9272425530704758
2023-05-02,3.0992469378373304,3.5712507219765657,2.0857475337594957,2.952335767527071,3.0992469378373304,3.5712507219765657,2.8591553082608603,2.943988565923825
2023-05-03,3.0866770393026073,3.5540749159750322,2.085136188192877,2.9443405996145064,3.0866770393026073,3.5540749159750322,2.866757545189521,2.935936568889048
2023-05-04,3.1076644211775486,3.5872431129869815,2.094105152089127,2.9615452727828866,3.1076644211775486,3.5872431129869815,2.888200973688154,2.9528339633061216
2023-05-05,3.0965731669017544,3.5661088766254236,2.090169541725744,2.952916795561318,3.0965731669017544,3.5661088766254236,2.9106599502656088,2.9439806637690964
2023-05-08,3.1259962519293234,3.6009508534007395,2.0971414263241464,2.98019301414837,3.1259962519293234,3.6009508534007395,2.9313101385548235,2.9716448351997395
2023-05-09,3.12605534900837,3.6052467623559687,2.0865801996432065,2.979555494592958,3.12605534900837,3.6052467623559687,2.931951711807542,2.9713239728879106
2023-05-10,3.134075037528114,3.6157161646213187,2.088504934571597,2.9867738421174472,3.134075037528114,3.6157161646213187,2.9443861289576048,2.9790836096172266
2023-05-11,3.1327115192964397,3.6112536457706046,2.053381680632728,2.9814815780584634,3.1327115192964397,3.6112536457706046,2.9695015478091444,2.975080186652513
2023-05-12,3.1258668255985977,3.6126598349310477,2.0132444737941935,2.975446509468348,3.1258668255985977,3.6126598349310477,2.9377934978027254,2.969577066195443
2023-05-15,3.1358085256501895,3.624561592838116,2.030328371889856,2.98672956203458,3.1358085256501895,3.624561592838116,2.9624459778989007,2.980393354929831
2023-05-16,3.1277615048433054,3.608287126243549,2.0199589410524936,2.978725814643657,3.1277615048433054,3.608287126243549,2.9472333069263503,2.97247753511387
2023-05-17,3.1150891662233673,3.584957659159609,2.0330071808777244,2.965754979876808,3.1150891662233673,3.584957659159609,2.947431358461728,2.959873052776792
2023-05-18,3.0956834779665545,3.5724837857161993,2.0343537840711288,2.949196046022195,3.0956834779665545,3.5724837857161993,2.9418754744330045,2.9422912306696256
2023-05-19,3.1033075553945935,3.5881105713835546,2.0243890559479643,2.9529321177757097,3.1033075553945935,3.5881105713835546,2.9412159484418896,2.946457356615911
2023-05-22,3.1388205305101016,3.6187853205395877,2.0305192296012193,2.9755814944022694,3.1388205305101016,3.6187853205395877,2.953188498029462,2.968149285082175
2023-05-23,3.153113331350511,3.6236523944482006,2.0387018219466633,2.9812474076843904,3.153113331350511,3.6236523944482006,2.9519077715250397,2.973434813933228
2023-05-24,3.151226376210186,3.6143589026653715,2.055367615552529,2.984009725852191,3.151226376210186,3.6143589026653715,2.975250884169498,2.976408727248627
2023-05-25,3.1614586039539003,3.6196296450732257,2.051106497727679,2.992303556057026,3.1614586039539003,3.6196296450732257,2.9819361113527454,2.9847680827746426
2023-05-26,3.1881912262778327,3.666658950033988,2.071714713126046,3.0183124537365833,3.1881912262778327,3.666658950033988,3.004082654838361,3.0103811429530842
2023-05-29,3.2025476736666274,3.6808103697825705,2.0686634915942195,3.0323993023241194,3.2025476736666274,3.6808103697825705,3.0073218191657434,3.024307602690277
2023-05-30,3.2011426122387676,3.6844360689447186,2.0705253531268166,3.0329025152769313,3.2011426122387676,3.6844360689447186,3.0018726742578474,3.0247625142061936
2023-05-31,3.195532736550302,3.6609611752395153,2.0825975555389045,3.029140258314314,3.195532736550302,3.6609611752395153,3.0251101286336284,3.021145468701204
2023-06-01,3.1968310623056033,3.658184507505278,2.0844395382141903,3.028861672244779,3.1968310623056033,3.658184507505278,3.0280343013757625,3.020954995248355
2023-06-02,3.216158191253626,3.6653539637691734,2.09539000294792,3.0486888586563263,3.216158191253626,3.6653539637691734,3.0647094798181893,3.040596785798927
2023-06-05,3.2226112903252884,3.6746844874632965,2.115321794407019,3.055631787999925,3.2226112903252884,3.6746844874632965,3.096976318186123,3.0473910001158755
2023-06-06,3.2295188386736773,3.6680741991852135,2.132390522807241,3.063259072543164,3.2295188386736773,3.6680741991852135,3.1210655399482734,3.055211761064482
2023-06-07,3.2585425614964247,3.6969311816025296,2.153675722781331,3.0917453228635763,3.2585425614964247,3.6969311816025296,3.158079314986962,3.083825399240906
2023-06-08,3.237067721021804,3.678655242213379,2.1184667247416518,3.070545692009269,3.237067721021804,3.678655242213379,3.1198553100638122,3.062599806956261
2023-06-09,3.2239189904313204,3.657986172820671,2.133431388697665,3.05807046459262,3.2239189904313204,3.657986172820671,3.1571023902245945,3.050258757366231
2023-06-12,3.2364896416258753,3.6710027102510217,2.139225207095398,3.067994609167524,3.2364896416258753,3.6710027102510217,3.1605985081694006,3.060185260319907
2023-06-13,3.2553018108655287,3.6960927101746375,2.15514549689593,3.087104759784569,3.2553018108655287,3.6960927101746375,3.180282698721762,3.079034586147329
2023-06-14,3.267119914118599,3.71076809288798,2.144486091925486,3.09978314685224,3.267119914118599,3.71076809288798,3.170329431972471,3.0916920055069244
2023-06-15,3.2686390746637843,3.701485171597999,2.163148723573376,3.100645393301257,3.2686390746637843,3.701485171597999,3.202276726643452,3.0924892914321407
2023-06-16,3.2842053757456737,3.720563129576358,2.1728519451699433,3.114873271952401,3.2842053757456737,3.720563129576358,3.221518482612652,3.1065336745760272
2023-06-19,3.2689251334652916,3.707011793930648,2.1555956089938397,3.101847327389416,3.2689251334652916,3.707011793930648,3.1813364074516146,3.0933379799131373
2023-06-20,3.2786603529000784,3.717974914426849,2.1560854796445987,3.1106189653753247,3.2786603529000784,3.717974914426849,3.1904971694894715,3.102438277699012
2023-06-21,3.280425239539178,3.7280360394388588,2.1592730442823784,3.112430569737778,3.280425239539178,3.7280360394388588,3.1848449524316345,3.1048611627589517
2023-06-22,3.25975751994541,3.7043227369595377,2.1522040772346767,3.09228832954771,3.25975751994541,3.7043227369595377,3.160022931317431,3.084874210283222
2023-06-23,3.2339751107246553,3.680120301809623,2.168872149452489,3.0726945207612664,3.2339751107246553,3.680120301809623,3.1849677384043136,3.066148698767208
2023-06-26,3.2513012725866686,3.677831000435008,2.1597469301421093,3.0879588580343014,3.2513012725866686,3.677831000435008,3.1975214548410342,3.0807424013756335
2023-06-27,3.2640035510457492,3.6946771953665314,2.1868133008693182,3.100083676903891,3.2640035510457492,3.6946771953665314,3.2132294694471537,3.0932035596914194
2023-06-28,3.292435766061437,3.7279491939457365,2.2083969626395765,3.1245666315613807,3.292435766061437,3.7279491939457365,3.2382649341275385,3.1166962540964764
2023-06-30,3.326296921730006,3.7745397109124976,2.233616740610859,3.1577047708837496,3.326296921730006,3.7745397109124976,3.2782719673255127,3.150595844889711
2023-07-03,3.336213986912742,3.804193020426269,2.259987362242096,3.1670518669223897,3.336213986912742,3.804193020426269,3.2504093324966488,3.1593679280033813
2023-07-04,3.349257873439335,3.810698893001629,2.2169960189089215,3.178633748959698,3.349257873439335,3.810698893001629,3.248530439863732,3.1708661514715373
2023-07-05,3.369614777473056,3.8167069438625383,2.1840442924284464,3.1975241122499583,3.369614777473056,3.8167069438625383,3.269192962566078,3.189624733155341
2023-07-06,3.388782130703924,3.843744606059978,2.205904039222271,3.2166223955772,3.388782130703924,3.843744606059978,3.3489669323686777,3.208920418162128
2023-07-07,3.352778990110068,3.816839404554155,2.1975593742609774,3.184527324878701,3.352778990110068,3.816839404554155,3.2901723557808893,3.176632763380418
2023-07-10,3.344830978886297,3.8338540307628,2.2027636171767013,3.1759877033070714,3.344830978886297,3.8338540307628,3.2955279152286727,3.1667635656260225
2023-07-11,3.363935775872255,3.855166629894015,2.224425296454128,3.1943563955209067,3.363935775872255,3.855166629894015,3.3306717827981758,3.1862114509674817
2023-07-12,3.3588535105855657,3.8469101976735884,2.226904899058324,3.1903421017599523,3.3588535105855657,3.8469101976735884,3.318325872406415,3.1827167893797115
2023-07-13,3.350246619002236,3.850935215188496,2.2277114014485058,3.181997761558159,3.350246619002236,3.850935215188496,3.300336954744531,3.173295613396606
2023-07-14,3.378302718472267,3.8943637358545042,2.2269333177802304,3.206059420277645,3.378302718472267,3.8943637358545042,3.2755847885334664,3.1966236811617628
2023-07-17,3.3925644744508245,3.9252906066638604,2.2331474984741435,3.2195545920080972,3.3925644744508245,3.9252906066638604,3.3016511665236377,3.2094692315328452
2023-07-18,3.388762169885559,3.9381770064358568,2.2323439328591457,3.215108727338417,3.388762169885559,3.9381770064358568,3.2900258646012053,3.204796055464938
2023-07-19,3.4020784233290846,3.9512744023152164,2.246134781973517,3.227548443429438,3.4020784233290846,3.9512744023152164,3.3097665448300457,3.2172008122230085
2023-07-20,3.421959837578607,3.9669844101825786,2.2594281651031123,3.2484089870850332,3.421959837578607,3.9669844101825786,3.3618358951965415,3.2384231650641673
2023-07-21,3.3974592623331534,3.8947524988752455,2.2920609312599223,3.2250111679554183,3.3974592623331534,3.8947524988752455,3.3585506074151867,3.215926025839173
2023-07-24,3.3956255896401153,3.8749363200261784,2.2999048845581758,3.2217505774167026,3.3956255896401153,3.8749363200261784,3.371053698647245,3.2134404831612366
2023-07-25,3.4032139564218165,3.874662636082479,2.2914610629794545,3.2259434665571685,3.4032139564218165,3.874662636082479,3.338675147978165,3.21831977302091
2023-07-26,3.4147906868444107,3.8990520213837465,2.3088871819683123,3.2381811504082973,3.4147906868444107,3.8990520213837465,3.3724604029099545,3.230444171430763
2023-07-27,3.3982439916357494,3.8796104409552785,2.3637284493303876,3.224702214887135,3.3982439916357494,3.8796104409552785,3.354111582144799,3.21581014556039
2023-07-28,3.409014587676212,3.882234158899433,2.3441654062014017,3.2336477151114242,3.409014587676212,3.882234158899433,3.406793418839471,3.2262699539523223
2023-07-31,3.4326904621950027,3.910799905902827,2.3586369600589974,3.254928196171254,3.4326904621950027,3.910799905902827,3.3990359718645315,3.2461815551065123
2023-08-01,3.4281576016633495,3.90158235850496,2.395965186269385,3.2527004546596427,3.4281576016633495,3.90158235850496,3.413411626720523,3.2426362961787207
2023-08-02,3.3923101892002996,3.866354033021247,2.379219886835399,3.219475385549753,3.3923101892002996,3.866354033021247,3.3937200292340504,3.2087143517166883
2023-08-03,3.3731239714156063,3.8406393017111737,2.326351347662218,3.1973152189992917,3.3731239714156063,3.8406393017111737,3.390369533482922,3.187479102090853
2023-08-04,3.386930610604608,3.8701178531876446,2.3570381399858316,3.2109809236675004,3.386930610604608,3.8701178531876446,3.4302765992547717,3.1991308336163633
2023-08-07,3.403553564479372,3.8897300621168087,2.3558631529753136,3.2249535920902006,3.403553564479372,3.8897300621168087,3.431670771903402,3.213314813245827
2023-08-08,3.398266192615048,3.8799464991146553,2.3786884541136883,3.221895259881337,3.398266192615048,3.8799464991146553,3.419342522750809,3.2102262245650377
2023-08-09,3.416931971375606,3.8928350127226157,2.3889780327931494,3.238457753793658,3.416931971375606,3.8928350127226157,3.4417757905028044,3.226025325104853
2023-08-10,3.408492292054275,3.8811881704481666,2.373176552361473,3.2274529182315463,3.408492292054275,3.8811881704481666,3.41329659651999,3.2152511432857938
2023-08-11,3.3897196976662807,3.8694020154402495,2.3664774844609013,3.210039122236088,3.3897196976662807,3.8694020154402495,3.375922154830991,3.1972212628187853
2023-08-14,3.3790503186787246,3.8782231650866206,2.3478342628182203,3.2020057713675842,3.3790503186787246,3.8782231650866206,3.369572919594165,3.188892460020913
2023-08-16,3.384698752337592,3.885565599010523,2.365539961503823,3.2084463074083414,3.384698752337592,3.885565599010523,3.3936601219827462,3.1943849608559116
2023-08-17,3.377672009885701,3.8618229841242897,2.3525796035570026,3.200204471584247,3.377672009885701,3.8618229841242897,3.3629883335390303,3.1864187841144385
2023-08-18,3.367473268182542,3.851401056297554,2.3519357795942493,3.189131646903305,3.367473268182542,3.851401056297554,3.356845959525898,3.176096857257017
2023-08-21,3.3942289784679796,3.864222033855264,2.3444532918679455,3.2121359938771854,3.3942289784679796,3.864222033855264,3.3649100995116172,3.19960551096107
2023-08-22,3.397283201691148,3.8634996793163103,2.3412497460924246,3.214441965744694,3.397283201691148,3.8634996793163103,3.367145026589615,3.2015922114068016
2023-08-23,3.399717643011174,3.8735316521531855,2.3556213869832865,3.2196153114288752,3.399717643011174,3.8735316521531855,3.3727558466192544,3.2080141494802734
2023-08-24,3.3922734693781504,3.8561410466910453,2.3379036922172887,3.2132404828202237,3.3922734693781504,3.8561410466910453,3.3657971905778337,3.2018108295800354
2023-08-25,3.368471831874037,3.834772219186952,2.334795435251022,3.1918024379819547,3.368471831874037,3.834772219186952,3.3738240834426882,3.1807915751784708
2023-08-28,3.3789799322407568,3.832830871338399,2.3320857184067276,3.2012515612668135,3.3789799322407568,3.832830871338399,3.3661852695841943,3.190377462427076
2023-08-29,3.3933631032818616,3.8297064378032672,2.3265859697425895,3.213178852395031,3.3933631032818616,3.8297064378032672,3.367431936366104,3.20216179962385
2023-08-30,3.396463325748676,3.8317305331480394,2.331183145347434,3.21589350645401,3.396463325748676,3.8317305331480394,3.381842208780999,3.205002970517103
2023-08-31,3.372518630774141,3.8099536516147112,2.3296498201400246,3.1951205756522145,3.372518630774141,3.8099536516147112,3.3824364817812023,3.184924948351884
2023-09-01,3.415691691003664,3.8400539499543953,2.3347237542931953,3.2344400232674477,3.415691691003664,3.8400539499543953,3.3937378472008297,3.2244403071992567
2023-09-04,3.441776363744823,3.8601467112831984,2.351463230465925,3.258613323808242,3.441776363744823,3.8601467112831984,3.417919724224617,3.2483529340970083
2023-09-05,3.4526715058807027,3.87169066521362,2.325345528197205,3.26776913952136,3.4526715058807027,3.87169066521362,3.3819613978052563,3.2572703019580165
2023-09-06,3.4588203511267377,3.87927077776769,2.329989238978311,3.2730370989900153,3.4588203511267377,3.87927077776769,3.3822851602636304,3.262298712338795
2023-09-07,3.4754540132916136,3.8957212032488813,2.3271900551953477,3.2897762322782262,3.4754540132916136,3.8957212032488813,3.355761078660036,3.278875359935497
2023-09-08,3.488925354445071,3.9115661672563773,2.3366224217170446,3.3021472805816616,3.488925354445071,3.9115661672563773,3.3526140571451024,3.2911259424411647
2023-09-11,3.525830748404724,3.949303321608207,2.349314644637095,3.334890829120489,3.525830748404724,3.949303321608207,3.3589613111057433,3.3231473656513866
2023-09-12,3.5056810452448626,3.9460051257418725,2.383916887849156,3.3198282175815415,3.5056810452448626,3.9460051257418725,3.4042864085191225,3.308421572300563
2023-09-13,3.5238460007925005,3.9615313673273067,2.368660713296218,3.3387003919749887,3.5238460007925005,3.9615313673273067,3.3898026535276653,3.3276925202872847
2023-09-14,3.5409008061822402,3.967781395921784,2.372970019999148,3.3536548831226156,3.5409008061822402,3.967781395921784,3.4212812702078996,3.342650908260847
2023-09-15,3.5549339877992763,3.9832660067029506,2.4015153473374347,3.3667327072613378,3.5549339877992763,3.9832660067029506,3.4819590837437158,3.355481966051476
2023-09-18,3.557463519272868,3.9704498609309167,2.382992130729115,3.3682325445330066,3.557463519272868,3.9704498609309167,3.4398467679651876,3.3573486034604554
2023-09-20,3.529413444150577,3.924470736563104,2.352038478774197,3.340431035772735,3.529413444150577,3.924470736563104,3.391501929651151,3.3297388869567963
2023-09-21,3.5064546327290484,3.898821202230546,2.34507091819406,3.3178252345772785,3.5064546327290484,3.898821202230546,3.3688027385890305,3.3074002807701968
2023-09-22,3.497611663263621,3.889251508321544,2.3305501015302137,3.309097697417118,3.497611663263621,3.889251508321544,3.2964477240752186,3.2985608789939116
2023-09-25,3.503640094889317,3.8816718883815624,2.3371481203133615,3.3156079860057925,3.503640094889317,3.8816718883815624,3.2904340877592033,3.3045021753163897
2023-09-26,3.505279668804946,3.8819419345424917,2.3356583905628465,3.317450624043424,3.505279668804946,3.8819419345424917,3.3306556771477798,3.306636439999837
2023-09-27,3.513679655904456,3.8976489471443223,2.3415448096848257,3.3244677772350935,3.513679655904456,3.8976489471443223,3.3313941303721273,3.313563976739067
2023-09-28,3.469809761178307,3.8521390170618757,2.3101378824902525,3.283455954386202,3.469809761178307,3.8521390170618757,3.296268052388556,3.2735492204906853
2023-09-29,3.5010067314800004,3.870865238613904,2.3040155338157304,3.3122853867161455,3.5010067314800004,3.870865238613904,3.3245824132130855,3.303548041998502
2023-10-03,3.4785524527320595,3.8469882769158334,2.3174906272396365,3.291486566216684,3.4785524527320595,3.8469882769158334,3.281417767153182,3.282783884385499
2023-10-04,3.453048135447308,3.8375939672412516,2.305778339903874,3.2677994394960366,3.453048135447308,3.8375939672412516,3.3019785165864826,3.2573732149884997
2023-10-05,3.4653985182993274,3.8576833272412476,2.331396846725856,3.2804432291462846,3.4653985182993274,3.8576833272412476,3.323515764820708,3.2703081400907226
2023-10-06,3.4897176638238476,3.8756408557290123,2.3471457069496333,3.302341620584503,3.4897176638238476,3.8756408557290123,3.328251364327882,3.2920165565950907
2023-10-09,3.4651615827805524,3.853212699649672,2.339275911449766,3.2811033381504795,3.4651615827805524,3.853212699649672,3.321193993756692,3.2706347002833907
2023-10-10,3.49897806045113,3.881153376125291,2.344808951830782,3.311376664122459,3.49897806045113,3.881153376125291,3.3317696903431657,3.3012850440975723
2023-10-11,3.52297973961607,3.908739571646243,2.354890015411529,3.3350499949865933,3.52297973961607,3.908739571646243,3.416212902397906,3.3246798155787527
2023-10-12,3.521388380960816,3.8989139619323088,2.3436489905165283,3.3330454636351354,3.521388380960816,3.8989139619323088,3.4074203108489556,3.323630882489119
2023-10-13,3.520846737349048,3.893807345826886,2.3283590653933888,3.3335423558479844,3.520846737349048,3.893807345826886,3.378668685573606,3.324229704974795
2023-10-16,3.520235187447616,3.8841640739108505,2.3207433285186436,3.331420009691243,3.520235187447616,3.8841640739108505,3.349984865392194,3.3234855307698217
2023-10-17,3.534492535093074,3.897393084905665,2.331879582925858,3.3442897134926475,3.534492535093074,3.897393084905665,3.3729201438472054,3.336296812095468
2023-10-18,3.517293925551235,3.867697888023409,2.329558573641902,3.3279514752202326,3.517293925551235,3.867697888023409,3.3901425855149916,3.31996979226089
2023-10-19,3.5197870961539013,3.853334668115374,2.324206567580081,3.330329471473777,3.5197870961539013,3.853334668115374,3.4283890762743177,3.3226779246086657
2023-10-20,3.497890397249964,3.84109387760464,2.308504316071551,3.311081317971494,3.497890397249964,3.84109387760464,3.411665072042628,3.302813606180282
2023-10-23,3.445644402982159,3.7850985874782723,2.276969921667483,3.2637035218634027,3.445644402982159,3.7850985874782723,3.3937730535792032,3.254983039501895
2023-10-25,3.422937925448408,3.7626349337382803,2.2628956628093935,3.241908201614184,3.422937925448408,3.7626349337382803,3.348950711354531,3.2346546327422883
2023-10-26,3.373109564667178,3.710923484936555,2.2055069074660856,3.195048223245535,3.373109564667178,3.710923484936555,3.259243855140099,3.187518907731839
2023-10-27,3.40782194815687,3.7521571149402,2.2532100152999694,3.2267089316927535,3.40782194815687,3.7521571149402,3.2731993453296018,3.2191401954399805
2023-10-30,3.4151174811253053,3.7805805556433025,2.2850810174257474,3.233970892076664,3.4151174811253053,3.7805805556433025,3.2901306043947653,3.2257409806765525
2023-10-31,3.4106724887526707,3.7648548429791866,2.282277814834614,3.2286911582117503,3.4106724887526707,3.7648548429791866,3.2757683145401026,3.221957379698037
2023-11-01,3.390930193411565,3.750301301061314,2.3031264277209025,3.211483158788414,3.390930193411565,3.750301301061314,3.2649622440488515,3.2044010368218734
2023-11-02,3.420308603260686,3.7831557174412027,2.318454203140608,3.2405626055567547,3.420308603260686,3.7831557174412027,3.2743354248870773,3.232973453465571
2023-11-03,3.4407633833215767,3.7978280438614305,2.3385972331605354,3.259930032640384,3.4407633833215767,3.7978280438614305,3.2554865528553694,3.251432620993026
2023-11-06,3.4792038004562067,3.8309168582950837,2.3711496031709935,3.2950890842857183,3.4792038004562067,3.8309168582950837,3.3000887046914804,3.286604859373733
2023-11-07,3.483172705283821,3.8259289553869653,2.4162989602917233,3.2991850591076397,3.483172705283821,3.8259289553869653,3.3073313221773,3.2913955922021074
2023-11-08,3.4969557466157704,3.837233512605898,2.4195565337611438,3.310988677302456,3.4969557466157704,3.837233512605898,3.3185773163741463,3.303148579112951
2023-11-09,3.493808559939847,3.815838455167012,2.370214204445757,3.3054875522395135,3.493808559939847,3.815838455167012,3.2345128324786256,3.2981880489281115
2023-11-10,3.496507913084442,3.81895810686433,2.3727282610019365,3.308434175545771,3.496507913084442,3.81895810686433,3.275630723938844,3.301498667225495
2023-11-13,3.5102293322490072,3.8229848389187024,2.3554900592087122,3.3184222467306213,3.5102293322490072,3.8229848389187024,3.2112924131176,3.3114511104334228
2023-11-15,3.549007839678649,3.8756315937094805,2.385455587477174,3.356060978056378,3.549007839678649,3.8756315937094805,3.2003753041185536,3.348340002249802
2023-11-16,3.5697707473380764,3.902038183106704,2.386013670748083,3.375294838382818,3.5697707473380764,3.902038183106704,3.246618377621618,3.3674442198452836
2023-11-17,3.5718628388618368,3.8948473441280287,2.3508170886564845,3.3770269272957845,3.5718628388618368,3.8948473441280287,3.2214465222719193,3.369603146809712
2023-11-20,3.5657039915648565,3.8908016651669883,2.31713955476228,3.3721558064050563,3.5657039915648565,3.8908016651669883,3.159420331398923,3.3647346843437154
2023-11-21,3.5789829219107796,3.909063150134521,2.3651430187723346,3.3841272530556474,3.5789829219107796,3.909063150134521,3.182680185512348,3.376230768194596
2023-11-22,3.5852345596991495,3.9189975197890816,2.344226781070313,3.39014771340861,3.5852345596991495,3.9189975197890816,3.1993299975035803,3.3825083640470717
2023-11-23,3.5850183282164196,3.9183237205913857,2.3319996733066097,3.387865913565473,3.5850183282164196,3.9183237205913857,3.159254088088809,3.3806815984729677
2023-11-24,3.5793728202117645,3.909615227053348,2.3330891034662447,3.3817638269090007,3.5793728202117645,3.909615227053348,3.154842653895825,3.3741623117185853
2023-11-28,3.613790967999305,3.9259831076457923,2.3704785925556577,3.4082503796627166,3.613790967999305,3.9259831076457923,3.18837543591331,3.400370573958149
2023-11-29,3.642458912397781,3.959696820289029,2.4038771917160635,3.4359510233295074,3.642458912397781,3.959696820289029,3.2064552238275805,3.428315777888341
2023-11-30,3.662427156918033,3.95811700134638,2.4411531615258157,3.454511710492814,3.662427156918033,3.95811700134638,3.2019446008394064,3.4472041314263002
2023-12-01,3.6820360953438245,3.9830708294142165,2.4308682280991816,3.474313476899174,3.6820360953438245,3.9830708294142165,3.2393643062662125,3.4668172376567976
2023-12-04,3.750341895254451,4.04861447132119,2.4913169870450256,3.5348124255050144,3.750341895254451,4.04861447132119,3.301994912988177,3.5279222272774313
2023-12-05,3.789982214746447,4.076321906808607,2.4969151162645065,3.564273337682938,3.789982214746447,4.076321906808607,3.3087366618811966,3.5559490054053815
2023-12-06,3.794187504554238,4.1018023513237605,2.4857392166545,3.5709408658503428,3.794187504554238,4.1018023513237605,3.2694359917876437,3.5624254775983117
2023-12-07,3.7948738316357082,4.094745117949319,2.441161880569487,3.5701677834346346,3.7948738316357082,4.094745117949319,3.237423741100534,3.5614091822216682
2023-12-08,3.7921555812052503,4.1054833803112745,2.4343885593794723,3.569015534706744,3.7921555812052503,4.1054833803112745,3.230612317423067,3.560537643681488
2023-12-11,3.7979334816569996,4.110275266851288,2.3901678670080377,3.5737820250777452,3.7979334816569996,4.110275266851288,3.2357262545128944,3.5650321269105167
2023-12-12,3.786354559685171,4.089342814088629,2.393620875762635,3.5617617214371635,3.786354559685171,4.089342814088629,3.230739813996003,3.552755748628481
2023-12-13,3.8018520548655075,4.08725017373932,2.3892254089591516,3.5746123257846447,3.8018520548655075,4.08725017373932,3.188490890617708,3.5650749046213903
2023-12-14,3.838943177886616,4.140346248121455,2.4371081507302423,3.60899934314422,3.838943177886616,4.140346248121455,3.2253036246427853,3.600142840164638
2023-12-15,3.8859222378055343,4.212061603283672,2.3932087552673416,3.6510270240123717,3.8859222378055343,4.212061603283672,3.259260436098362,3.642629061777308
2023-12-18,3.8808958288275925,4.215472152989967,2.4143510741164325,3.645738357465555,3.8808958288275925,4.215472152989967,3.2914731450837094,3.6373251642984425
2023-12-19,3.889347489322599,4.228782752815697,2.3957089806685152,3.654167224888066,3.889347489322599,4.228782752815697,3.2641498954384307,3.645694714572534
2023-12-20,3.8174064108987773,4.172137077851326,2.444510470454788,3.5933909112797773,3.8174064108987773,4.172137077851326,3.302830324389557,3.5849940783735916
2023-12-21,3.8323388767811153,4.197011774862403,2.412103127112942,3.6076225740556893,3.8323388767811153,4.197011774862403,3.2808723007843628,3.599072469643871
2023-12-22,3.868090785250099,4.221061143513347,2.41152816761091,3.6407038822864486,3.868090785250099,4.221061143513347,3.2025084247924838,3.631657489884224
2023-12-26,3.899009107418215,4.236285285369902,2.4199645060361985,3.6690222306456906,3.899009107418215,4.236285285369902,3.1667397476433283,3.658757067931154
2023-12-27,3.93634170106248,4.271150434672502,2.4733395979835735,3.705573623949161,3.93634170106248,4.271150434672502,3.165527349126788,3.693574805881514
2023-12-28,3.970423952908088,4.294176151960913,2.491698766787288,3.737701907147929,3.970423952908088,4.294176151960913,3.1628447410105047,3.7242981460807942
2023-12-29,3.96438648430594,4.279413023047937,2.5194697648270394,3.7341098586286408,3.96438648430594,4.279413023047937,3.170884012392672,3.7190731379861526
